Item number,Title,Variation details,Custom label (SKU),Available quantity,Format,Currency,Start price,Auction Buy It Now price,Reserve price,Current price,Sold quantity,Watchers,Bids,Start date,End date,eBay category 1 name,eBay category 1 number,eBay category 2 name,eBay category 2 number,Condition,CD:Professional Grader - (ID: 27501),CD:Grade - (ID: 27502),CDA:Certification Number - (ID: 27503),CD:Card Condition - (ID: 40001),eBay Product ID(ePID),Listing site,P:UPC,P:EAN,P:ISBN
"394967236902","7""  Small Balance Bike Kids Children Toddlers Babies Age 2 -3 Years Walking Fun",,,"2","FIXED_PRICE","GBP",15.99,,,15.99,"4","0","0","Oct-29-23 15:52:53 PDT","Jul-29-26 14:52:53 PDT","Bikes","177831","","","New other (see details)","","","","","","UK","","",""
"394978786165",Ricco Ride On Electric Battery Powered Car Parental Controls,,,"1","FIXED_PRICE","GBP",119.99,,,119.99,"0","2","","Nov-04-23 09:34:12 PDT","Aug-04-26 08:34:12 PDT","Electric & Battery Powered","137892","","","New","","","","","","UK","","",""
"395012523201",Party Grill Hot Pot Electric Indoor Outdoor BBQ Grill Hotpot Chinese Korean,,,"1","FIXED_PRICE","GBP",82.99,,,82.99,"0","8","0","Nov-20-23 15:34:16 PST","Aug-20-26 15:34:16 PDT","Grills & Sandwich Makers","20675","","","New other (see details)","","","","","","UK","","",""
"395026923510","Luminess Silk 4In1 Advance Airbrush Starter Foundation x2 , Blush , Illuminator",Colour=Fair;Warm;Medium,,"3","FIXED_PRICE","GBP",29.99,,,29.99,"2","6","0","Nov-27-23 14:47:15 PST","Jul-27-26 14:47:15 PDT","Brushes","82597","","","New other (see details)","","","","","","UK","","",""
"395026923510","Luminess Silk 4In1 Advance Airbrush Starter Foundation x2 , Blush , Illuminator",Colour=Fair,,"0","FIXED_PRICE","GBP",29.99,,,,"1",,,"Nov-27-23 14:47:15 PST","Jul-27-26 14:47:15 PDT","Brushes","82597","","","New other (see details)",,,,,"","UK","","",""
"395026923510","Luminess Silk 4In1 Advance Airbrush Starter Foundation x2 , Blush , Illuminator",Colour=Warm,,"3","FIXED_PRICE","GBP",29.99,,,,"1",,,"Nov-27-23 14:47:15 PST","Jul-27-26 14:47:15 PDT","Brushes","82597","","","New other (see details)",,,,,"","UK","","",""
"395026928146",Luminess Air Airbrush Eyeshadow 7.5mls Brand New,Shade=Expresso 7.5mls;Bronzer 7.5mls,,"2","FIXED_PRICE","GBP",11.49,,,11.49,"0","1","","Nov-27-23 14:50:45 PST","Jul-27-26 14:50:45 PDT","Eye Shadow","36865","","","New","","","","","","UK","","",""
"395026928146",Luminess Air Airbrush Eyeshadow 7.5mls Brand New,Shade=Expresso 7.5mls,,"1","FIXED_PRICE","GBP",11.49,,,,"0",,,"Nov-27-23 14:50:45 PST","Jul-27-26 14:50:45 PDT","Eye Shadow","36865","","","New",,,,,"","UK","","",""
"395026928146",Luminess Air Airbrush Eyeshadow 7.5mls Brand New,Shade=Bronzer 7.5mls,,"1","FIXED_PRICE","GBP",11.49,,,,"0",,,"Nov-27-23 14:50:45 PST","Jul-27-26 14:50:45 PDT","Eye Shadow","36865","","","New",,,,,"","UK","","",""
"395026962956","Luminess Airbrush Primer, Glow, Tip Top and Eraser Brand New",Shade=Primer;Glow;Eraser;Tip Top Airbrush Cleaner,,"10","FIXED_PRICE","GBP",12.99,,,12.99,"0","1","","Nov-27-23 15:18:21 PST","Jul-27-26 15:18:21 PDT","Face Primer","95216","","","New","","","","","","UK","","",""
"395026962956","Luminess Airbrush Primer, Glow, Tip Top and Eraser Brand New",Shade=Primer,,"2","FIXED_PRICE","GBP",14.99,,,,"0",,,"Nov-27-23 15:18:21 PST","Jul-27-26 15:18:21 PDT","Face Primer","95216","","","New",,,,,"","UK","","",""
"395026962956","Luminess Airbrush Primer, Glow, Tip Top and Eraser Brand New",Shade=Glow,,"2","FIXED_PRICE","GBP",14.99,,,,"0",,,"Nov-27-23 15:18:21 PST","Jul-27-26 15:18:21 PDT","Face Primer","95216","","","New",,,,,"","UK","","",""
"395026962956","Luminess Airbrush Primer, Glow, Tip Top and Eraser Brand New",Shade=Eraser,,"2","FIXED_PRICE","GBP",14.99,,,,"0",,,"Nov-27-23 15:18:21 PST","Jul-27-26 15:18:21 PDT","Face Primer","95216","","","New",,,,,"","UK","","",""
"395026962956","Luminess Airbrush Primer, Glow, Tip Top and Eraser Brand New",Shade=Tip Top Airbrush Cleaner,,"4","FIXED_PRICE","GBP",12.99,,,,"0",,,"Nov-27-23 15:18:21 PST","Jul-27-26 15:18:21 PDT","Face Primer","95216","","","New",,,,,"","UK","","",""
"395026963942",Luminess Air Airbrush Bulgarian Rose Serum In Mist 30ml Brand New,,,"1","FIXED_PRICE","GBP",22.99,,,22.99,"1","1","","Nov-27-23 15:19:26 PST","Jul-27-26 15:19:26 PDT","Anti-Ageing","33164","","","New","","","","","","UK","","841249119517",""
"395049379406",Sphero + Ollie Video Shop Display Point Of Sale Purchase Display Unit Brand New,,,"2","FIXED_PRICE","GBP",74.99,,,74.99,"0","0","0","Dec-07-23 14:39:03 PST","Aug-07-26 14:39:03 PDT","Other Educational Toys","2518","","","New","","","","","","UK","","",""
"395066354698",Metrohm High Voltage Detector Type HVD 25kva Used,,,"1","FIXED_PRICE","GBP",57.99,,,57.99,"0","7","0","Dec-15-23 14:22:24 PST","Aug-15-26 14:22:24 PDT","Other Test Meters & Detectors","4678","","","Used","","","","","","UK","","",""
"395066363742",Mylign Pro Taping Shirt Posture Support Alignment Neuroband™ Compression Top,Size=M;Small Short,,"2","FIXED_PRICE","GBP",34.99,,,34.99,"0","0","","Dec-15-23 14:32:17 PST","Aug-15-26 14:32:17 PDT","Orthotics, Braces & Sleeves","19264","","","New","","","","","","UK","","",""
"395066363742",Mylign Pro Taping Shirt Posture Support Alignment Neuroband™ Compression Top,Size=M,,"1","FIXED_PRICE","GBP",34.99,,,,"0",,,"Dec-15-23 14:32:17 PST","Aug-15-26 14:32:17 PDT","Orthotics, Braces & Sleeves","19264","","","New",,,,,"","UK","","",""
"395066363742",Mylign Pro Taping Shirt Posture Support Alignment Neuroband™ Compression Top,Size=Small Short,,"1","FIXED_PRICE","GBP",34.99,,,,"0",,,"Dec-15-23 14:32:17 PST","Aug-15-26 14:32:17 PDT","Orthotics, Braces & Sleeves","19264","","","New",,,,,"","UK","","",""
"395089877887",Graf PA742 Water Pump,,,"1","FIXED_PRICE","GBP",18.99,,,18.99,"0","0","","Dec-25-23 23:47:11 PST","Jul-25-26 23:47:11 PDT","Water Pumps","33604","","","New other (see details)","","","","","248793566","UK","","",""
"395089889321",GENUINE FORD 5127207 ASSY DOOR REAR DOOR HINGE SWING CHECK STRAP TRANSIT,,,"1","FIXED_PRICE","GBP",69.19,,,69.19,"1","1","","Dec-25-23 23:57:55 PST","Jul-25-26 23:57:55 PDT","Doors & Door Skins","179850","","","New other (see details)","","","","","","UK","","",""
"395089891831",Backing Plate with Commercial Mirror Glass - Fits LHS Ford Connect - TCG-8LB,,,"1","FIXED_PRICE","GBP",13.99,,,13.99,"0","","","Dec-26-23 00:00:45 PST","Jul-26-26 00:00:45 PDT","Mirror Glass","262163","","","New","","","","","249441293","UK","","5012758836546",""
"395090145128",Delphi TC1150 Ball Joint  Ford Transit V184/V347 00- /Connect 02-13,,,"2","FIXED_PRICE","GBP",12.99,,,12.99,"0","1","0","Dec-26-23 02:36:03 PST","Jul-26-26 02:36:03 PDT","Control Arms, Ball Joints & Assemblies","33580","","","New","","","","","","UK","","5012759251270",""
"395092150901",Pollen Cabin Filter Mann CU3567 Ford Focus DAW DBW DFW Tourneo Connect Transit,,,"2","FIXED_PRICE","GBP",11.99,,,11.99,"0","0","","Dec-27-23 00:01:32 PST","Jul-27-26 00:01:32 PDT","Pollen Filters","61117","","","New","","","","","249054164","UK","","4011558303204",""
"395092157643",Fuel Filter Insert 85mm Outer Diameter 72mm Height Service Spare - Mann P917X,,,"1","FIXED_PRICE","GBP",14.99,,,14.99,"0","","","Dec-27-23 00:05:52 PST","Jul-27-26 00:05:52 PDT","Fuel Filters","33660","","","New","","","","","","UK","","4011558551803",""
"395096832703",DAYCO HIGH TENACITY TIMING BELT KIT KB1001 FORD,,,"1","FIXED_PRICE","GBP",65.0,,,65.0,"0","0","","Dec-29-23 00:18:22 PST","Jul-29-26 00:18:22 PDT","Timing Kits","262137","","","New other (see details)","","","","","","UK","","",""
"395109485262",CHAMPION 240V 1010W ROUTER & CASE CR1010 USED,,,"1","FIXED_PRICE","GBP",54.99,,,54.99,"0","1","0","Jan-03-24 12:50:01 PST","Aug-03-26 12:50:01 PDT","Routers & Jointers","122829","","","Used","","","","","","UK","","",""
"395109532342",INA V-Belt Aux Tensioner Ford Transit Connect TDCi 90 1.8 June 2002 to June 2013,,,"1","FIXED_PRICE","GBP",63.99,,,63.99,"0","1","0","Jan-03-24 13:18:54 PST","Aug-03-26 13:18:54 PDT","Pulleys","262062","","","New","","","","","","UK","","",""
"395117161528",LUMINESS AIR AIRBRUSH MAKEUP FOUNDATION EYESHADOW BLUSH PRIMER ETC,Colour=Mystic Foundation Shade 1 -16mls;Shade 8 All In 1 - 16mls;Shade 12 -All in 1 - 16mls;Shade 9 -All in 1 - 16mls;Shade 11 - All in 1 - 16mls;Bronzer 16mls;BOOST IT! 16mls;X-OUT Dark Circles Brightener 16mls;MOIST PRIMER 7.5MLS;FINAL SEAL 7.5mls;BLUSH SOFT ROSE 7.5mls;BRIGHTENING GLOW G1 7.5mls;EYESHADOW SHADE 42 - 7.5mls;EYESHADOW - SHADE O3 - 7.5mls,,"11","FIXED_PRICE","GBP",11.49,,,11.49,"5","5","0","Jan-06-24 14:09:35 PST","Aug-06-26 14:09:35 PDT","Brushes","82597","","","New","","","","","","UK","","",""
"395117161528",LUMINESS AIR AIRBRUSH MAKEUP FOUNDATION EYESHADOW BLUSH PRIMER ETC,Colour=Mystic Foundation Shade 1 -16mls,,"0","FIXED_PRICE","GBP",14.99,,,,"2",,,"Jan-06-24 14:09:35 PST","Aug-06-26 14:09:35 PDT","Brushes","82597","","","New",,,,,"","UK","","",""
"395117161528",LUMINESS AIR AIRBRUSH MAKEUP FOUNDATION EYESHADOW BLUSH PRIMER ETC,Colour=Shade 8 All In 1 - 16mls,,"1","FIXED_PRICE","GBP",14.99,,,,"0",,,"Jan-06-24 14:09:35 PST","Aug-06-26 14:09:35 PDT","Brushes","82597","","","New",,,,,"","UK","","",""
"395117161528",LUMINESS AIR AIRBRUSH MAKEUP FOUNDATION EYESHADOW BLUSH PRIMER ETC,Colour=Shade 12 -All in 1 - 16mls,,"1","FIXED_PRICE","GBP",14.99,,,,"0",,,"Jan-06-24 14:09:35 PST","Aug-06-26 14:09:35 PDT","Brushes","82597","","","New",,,,,"","UK","","",""
"395117161528",LUMINESS AIR AIRBRUSH MAKEUP FOUNDATION EYESHADOW BLUSH PRIMER ETC,Colour=Shade 9 -All in 1 - 16mls,,"1","FIXED_PRICE","GBP",14.99,,,,"0",,,"Jan-06-24 14:09:35 PST","Aug-06-26 14:09:35 PDT","Brushes","82597","","","New",,,,,"","UK","","",""
"395117161528",LUMINESS AIR AIRBRUSH MAKEUP FOUNDATION EYESHADOW BLUSH PRIMER ETC,Colour=Shade 11 - All in 1 - 16mls,,"1","FIXED_PRICE","GBP",14.99,,,,"0",,,"Jan-06-24 14:09:35 PST","Aug-06-26 14:09:35 PDT","Brushes","82597","","","New",,,,,"","UK","","",""
"395117161528",LUMINESS AIR AIRBRUSH MAKEUP FOUNDATION EYESHADOW BLUSH PRIMER ETC,Colour=Bronzer 16mls,,"1","FIXED_PRICE","GBP",14.99,,,,"0",,,"Jan-06-24 14:09:35 PST","Aug-06-26 14:09:35 PDT","Brushes","82597","","","New",,,,,"","UK","","",""
"395117161528",LUMINESS AIR AIRBRUSH MAKEUP FOUNDATION EYESHADOW BLUSH PRIMER ETC,Colour=BOOST IT! 16mls,,"1","FIXED_PRICE","GBP",14.99,,,,"0",,,"Jan-06-24 14:09:35 PST","Aug-06-26 14:09:35 PDT","Brushes","82597","","","New",,,,,"","UK","","",""
"395117161528",LUMINESS AIR AIRBRUSH MAKEUP FOUNDATION EYESHADOW BLUSH PRIMER ETC,Colour=X-OUT Dark Circles Brightener 16mls,,"1","FIXED_PRICE","GBP",14.99,,,,"0",,,"Jan-06-24 14:09:35 PST","Aug-06-26 14:09:35 PDT","Brushes","82597","","","New",,,,,"","UK","","",""
"395117161528",LUMINESS AIR AIRBRUSH MAKEUP FOUNDATION EYESHADOW BLUSH PRIMER ETC,Colour=MOIST PRIMER 7.5MLS,,"0","FIXED_PRICE","GBP",11.49,,,,"1",,,"Jan-06-24 14:09:35 PST","Aug-06-26 14:09:35 PDT","Brushes","82597","","","New",,,,,"","UK","","",""
"395117161528",LUMINESS AIR AIRBRUSH MAKEUP FOUNDATION EYESHADOW BLUSH PRIMER ETC,Colour=FINAL SEAL 7.5mls,,"0","FIXED_PRICE","GBP",11.49,,,,"1",,,"Jan-06-24 14:09:35 PST","Aug-06-26 14:09:35 PDT","Brushes","82597","","","New",,,,,"","UK","","",""
"395117161528",LUMINESS AIR AIRBRUSH MAKEUP FOUNDATION EYESHADOW BLUSH PRIMER ETC,Colour=BLUSH SOFT ROSE 7.5mls,,"1","FIXED_PRICE","GBP",11.49,,,,"1",,,"Jan-06-24 14:09:35 PST","Aug-06-26 14:09:35 PDT","Brushes","82597","","","New",,,,,"","UK","","",""
"395117161528",LUMINESS AIR AIRBRUSH MAKEUP FOUNDATION EYESHADOW BLUSH PRIMER ETC,Colour=BRIGHTENING GLOW G1 7.5mls,,"1","FIXED_PRICE","GBP",11.49,,,,"0",,,"Jan-06-24 14:09:35 PST","Aug-06-26 14:09:35 PDT","Brushes","82597","","","New",,,,,"","UK","","",""
"395117161528",LUMINESS AIR AIRBRUSH MAKEUP FOUNDATION EYESHADOW BLUSH PRIMER ETC,Colour=EYESHADOW SHADE 42 - 7.5mls,,"1","FIXED_PRICE","GBP",11.49,,,,"0",,,"Jan-06-24 14:09:35 PST","Aug-06-26 14:09:35 PDT","Brushes","82597","","","New",,,,,"","UK","","",""
"395117161528",LUMINESS AIR AIRBRUSH MAKEUP FOUNDATION EYESHADOW BLUSH PRIMER ETC,Colour=EYESHADOW - SHADE O3 - 7.5mls,,"1","FIXED_PRICE","GBP",11.49,,,,"0",,,"Jan-06-24 14:09:35 PST","Aug-06-26 14:09:35 PDT","Brushes","82597","","","New",,,,,"","UK","","",""
"395117166582",LUMINESS AIR AIRBRUSH REPLACEMENT STYLUS FOR AIRBRUSH MAKEUP,,,"1","FIXED_PRICE","GBP",16.99,,,16.99,"0","1","","Jan-06-24 14:15:10 PST","Aug-06-26 14:15:10 PDT","Brushes","82597","","","New","","","","","","UK","","",""
"395123818581",BOSCH ROTARY HAMMER GBH 2-20 WITH  CASE USED GOOD WORKING ORDER,,,"1","FIXED_PRICE","GBP",39.99,,,39.99,"0","1","","Jan-09-24 13:39:59 PST","Aug-09-26 13:39:59 PDT","Corded Drills","184654","","","Used","","","","","","UK","","",""
"395155398390",MOTORBIKE SCOOTER UNIVERSAL TAIL LUGGAGE BOX TOP BOX MOTORCYCLE 2 AVAILABLE,,,"2","FIXED_PRICE","GBP",29.99,,,29.99,"0","2","0","Jan-23-24 00:47:44 PST","Aug-23-26 00:47:44 PDT","Top Boxes & Tail Bags","179719","","","New other (see details)","","","","","","UK","","",""
"395156072889",QH QKT1740AF IZUZU VAUXHALL OPEL MIDI Clutch Kit,,,"1","FIXED_PRICE","GBP",149.99,,,149.99,"0","","","Jan-23-24 07:41:23 PST","Aug-23-26 07:41:23 PDT","Clutch Kits","262241","","","New other (see details)","","","","","","UK","","5016593458475",""
"395156655655",QH QKT1846AF Clutch Kit Volvo 940,,,"1","FIXED_PRICE","GBP",99.99,,,99.99,"0","","","Jan-23-24 15:14:05 PST","Aug-23-26 15:14:05 PDT","Clutch Kits","262241","","","New other (see details)","","","","","249174925","UK","","",""
"395158112816",Ferm FCD-3240-1 Cordless Heavy Duty Hammer/Drill 32.4v,,,"1","FIXED_PRICE","GBP",9.99,,,9.99,"0","5","0","Jan-24-24 07:27:18 PST","Aug-24-26 07:27:18 PDT","Cordless Drills","184655","","","Used","","","","","","UK","","",""
"395159644204",OFFICE TABLE FOLDING FLIP 130CM X 74CM CONNECTS 3 AVAILABLE,,,"2","FIXED_PRICE","GBP",35.0,,,35.0,"1","2","0","Jan-25-24 00:23:53 PST","Aug-25-26 00:23:53 PDT","Home Office Desks","88057","","","Used","","","","","","UK","","",""
"395159857620",QH QKT1802AF Clutch Kit SSANGYONG DAEWOO,,,"1","FIXED_PRICE","GBP",99.99,,,99.99,"0","","","Jan-25-24 02:54:31 PST","Jul-25-26 02:54:31 PDT","Clutch Kits","262241","","","New other (see details)","","","","","248856612","UK","","",""
"395159859549",QH Q10053 CLUTCH PRESSURE PLATE,,,"1","FIXED_PRICE","GBP",39.99,,,39.99,"0","","","Jan-25-24 02:57:29 PST","Jul-25-26 02:57:29 PDT","Clutch Kits","262241","","","New other (see details)","","","","","","UK","","5016593172500",""
"395160150884",QH CLUTCH PRESSURE PLATE Q10053  MCW METROCAB,,,"2","FIXED_PRICE","GBP",59.99,,,59.99,"0","","","Jan-25-24 06:10:08 PST","Jul-25-26 06:10:08 PDT","Clutch Plates & Discs","177939","","","New other (see details)","","","","","","UK","","5016593172500",""
"395160454484","DH STAINLESS DN15 PN63 1/2 "" 1.4408",,,"1","FIXED_PRICE","GBP",14.99,,,14.99,"0","0","0","Jan-25-24 09:29:28 PST","Jul-25-26 09:29:28 PDT","Ball Valves","184117","","","New other (see details)","","","","","","UK","","",""
"395164000258",Evolution R165CCSL 165mm Circular Saw Corded Electric,,,"1","FIXED_PRICE","GBP",44.99,,,44.99,"0","3","0","Jan-27-24 02:42:58 PST","Jul-27-26 02:42:58 PDT","Circular Saws","71307","","","Used","","","","","27054365300","UK","","0849713042736",""
"395165797842",PASLODE NAIL RAIL MAGAZINE EXTRUSION,,,"1","FIXED_PRICE","GBP",49.99,,,49.99,"0","","","Jan-28-24 02:57:36 PST","Jul-28-26 02:57:36 PDT","Power Tool & Air Tool Replacement Parts","260220","","","Used","","","","","","UK","","",""
"395173027423","7  nVent CADDY Macrofix Insulated M8/M10, Stainless Steel, 108–118 mm OD 4"" Pipe",,,"2","FIXED_PRICE","GBP",34.99,,,34.99,"1","0","","Jan-31-24 14:44:47 PST","Jul-31-26 14:44:47 PDT","Pipe Accessories & Fixtures","260630","","","New","","","","","","UK","","",""
"395173076076",Ford Rear Door Hinge Swing Check Strap Ford TRANSIT Connect 4539761 2002- 2006,,,"1","FIXED_PRICE","GBP",79.24,,,79.24,"0","","","Jan-31-24 15:22:05 PST","Jul-31-26 15:22:05 PDT","Doors & Door Skins","179850","","","New","","","","","","UK","","",""
"395174920878",065549NV UREA COMMERCIAL CAP AdBlue Ad Blue DAF Model CF75/85 XF 105 Man Merced,,,"1","FIXED_PRICE","GBP",14.99,,,14.99,"0","","","Feb-01-24 10:55:02 PST","Aug-01-26 10:55:02 PDT","Other Car Parts & Accessories","9886","","","New","","","","","","UK","","",""
"395175117259",REAR LAMP FORD TRANSIT CONNECT 8/09-13,,,"1","FIXED_PRICE","GBP",19.99,,,19.99,"0","","","Feb-01-24 13:19:39 PST","Aug-01-26 13:19:39 PDT","Rear Light Assemblies","33716","","","New","","","","","","UK","","",""
"395175185961",MANN WK829/7 Fuel Filter FORD TOURNEO TRANSIT,,,"1","FIXED_PRICE","GBP",19.99,,,19.99,"0","","","Feb-01-24 14:16:25 PST","Aug-01-26 14:16:25 PDT","Fuel Filters","33660","","","New","","","","","249099318","UK","","4011558971700",""
"395176292685",DEWALT DW383 CIRCULAR SAW 1700W 110V EX FIRE SERVICE,,,"1","FIXED_PRICE","GBP",69.99,,,69.99,"0","2","0","Feb-02-24 01:46:03 PST","Aug-02-26 01:46:03 PDT","Circular Saws","71307","","","Used","","","","","","UK","","",""
"395176400385",WAI FORD STARTER MOTOR UNIT 32510N,,,"1","FIXED_PRICE","GBP",69.99,,,69.99,"0","0","","Feb-02-24 02:46:25 PST","Aug-02-26 02:46:25 PDT","Starter Motors","177699","","","New","","","","","","UK","","0609843368430",""
"395177392302",GENUINE FORD TRANSIT CONNECT DRIVERS OS RIGHT WING MIRROR GLASS 2002-13 4440212,,,"1","FIXED_PRICE","GBP",27.99,,,27.99,"0","0","","Feb-02-24 14:09:20 PST","Aug-02-26 14:09:20 PDT","Mirror Glass","262163","","","New","","","","","","UK","","",""
"395177431112",SPECIAL PROJECTS SP-25 UHF RECEIVER 16 CHANNELS 682-697 MHz,,,"3","FIXED_PRICE","GBP",27.0,,,27.0,"0","1","0","Feb-02-24 14:44:10 PST","Aug-02-26 14:44:10 PDT","Mixers","4785","","","Used","","","","","","UK","","",""
"395180551364",HSC ELITE LED WORK LIGHT TWIN HEAD 110V 50W RETRACTABLE TRIPOD 11000 LUMENS,,,"1","FIXED_PRICE","GBP",89.99,,,89.99,"0","1","0","Feb-04-24 04:58:08 PST","Aug-04-26 04:58:08 PDT","Torches & Work Lights","126393","","","Used","","","","","","UK","","",""
"395183267674","Black & Decker (5923) Type 1 3/8"" Hammer-Gun Drill 0-1850RPM",,,"1","FIXED_PRICE","GBP",17.99,,,17.99,"0","0","","Feb-05-24 14:07:36 PST","Aug-05-26 14:07:36 PDT","Drills, Braces & Bits","13872","","","Used","","","","","","UK","","",""
"395183269298",PANASONIC EY 6281 CRKW 9.6v Cordless Drill,,,"1","FIXED_PRICE","GBP",17.99,,,17.99,"0","0","","Feb-05-24 14:09:02 PST","Aug-05-26 14:09:02 PDT","Batteries & Chargers","20794","","","Used","","","","","","UK","","",""
"395183270395",SKIL PROFESSIONAL 2535H1,,,"1","FIXED_PRICE","GBP",17.99,,,17.99,"0","","","Feb-05-24 14:10:39 PST","Aug-05-26 14:10:39 PDT","Corded Drills","184654","","","Used","","","","","","UK","","",""
"395185307163",CV JOINT MITSIBISHI SHOGUN 2000 -2007 JR556,,,"1","FIXED_PRICE","GBP",34.99,,,34.99,"0","","","Feb-06-24 14:43:18 PST","Aug-06-26 14:43:18 PDT","CV Joints, Boots & Parts","33729","","","New","","","","","","UK","","",""
"395185309251",CV JOINT MITSUBISHI SHOGUN 3.2 2000 - 2007 JR556 FITTED NOT USED,,,"1","FIXED_PRICE","GBP",29.99,,,29.99,"0","1","","Feb-06-24 14:46:12 PST","Aug-06-26 14:46:12 PDT","CV Joints, Boots & Parts","33729","","","Used","","","","","","UK","","",""
"395185325172",TJ Filters QFC0405 Cabin Filter,,,"1","FIXED_PRICE","GBP",13.5,,,13.5,"0","","","Feb-06-24 15:02:07 PST","Aug-06-26 15:02:07 PDT","Pollen Filters","61117","","","New other (see details)","","","","","","UK","","5050438443509",""
"395185330620",TJ Filters QFC0118 Cabin Filter PARTICULATE FILTER,,,"1","FIXED_PRICE","GBP",12.99,,,12.99,"0","0","","Feb-06-24 15:07:45 PST","Aug-06-26 15:07:45 PDT","Pollen Filters","61117","","","New other (see details)","","","","","249738125","UK","","",""
"395190333060",Official Heritage Land Range Rover Darien Trans-Americas Blue iPhone 7 Plus Case,,,"1","FIXED_PRICE","GBP",11.99,,,11.99,"0","0","","Feb-09-24 05:44:16 PST","Aug-09-26 05:44:16 PDT","Cases, Covers & Skins","20349","","","New","","","","","","UK","","0712265008560",""
"395192173372",VINTAGE DRAPER M6250 SAW SETTING PLIERS,,,"1","FIXED_PRICE","GBP",25.0,,,25.0,"0","","","Feb-10-24 02:07:07 PST","Aug-10-26 02:07:07 PDT","Hand Tool Sets","23782","","","Used","","","","","","UK","","",""
"395197360119",iPIN SPATIAL RULER PLUGS IN IPHONE JACK TO MEASURE SPACES WITH LASER ACCURACY i,,,"12","FIXED_PRICE","GBP",24.99,,,24.99,"0","2","","Feb-12-24 12:57:20 PST","Aug-12-26 12:57:20 PDT","Laser Measuring Tools","126396","","","New","","","","","","UK","","",""
"395201505404","Delphi BG3895C Brake Discs Focus, C-Max, Kuga, Volvo C30,",,,"1","FIXED_PRICE","GBP",54.0,,,54.0,"0","0","","Feb-14-24 14:27:04 PST","Aug-14-26 14:27:04 PDT","Brake Disc Rotors","33564","","","New","","","","","249304874","UK","","",""
"395201539732",Genuine Ford Transit Connect 02-13 OS Mirror Glass 4440212 NOS Genuine Ford,,,"1","FIXED_PRICE","GBP",25.0,,,25.0,"0","0","","Feb-14-24 14:56:06 PST","Aug-14-26 14:56:06 PDT","Mirror Glass","262163","","","New","","","","","","UK","","",""
"395202753023",LL1153 TRANSIT REAR COMBINATION LAMP ONLY PASSENGER SIDE LH W/OUT BULB HOLDER,,,"1","FIXED_PRICE","GBP",14.99,,,14.99,"0","","","Feb-15-24 04:13:26 PST","Aug-15-26 04:13:26 PDT","Rear Lights","57322","","","New","","","","","","UK","","",""
"395202943059",Delphi LP1958 Rear Brake Pads Set Fits Vauxhall Vectra Signum Ford Jaguar Volvo,,,"1","FIXED_PRICE","GBP",24.99,,,24.99,"0","0","","Feb-15-24 06:08:22 PST","Aug-15-26 06:08:22 PDT","Brake Pads","57357","","","New","","","","","249194612","UK","","",""
"395203082967",MANN Genuine Replacement Fuel filter WK829/3 FORD JAGUAR SSANGYONG,,,"2","FIXED_PRICE","GBP",14.99,,,14.99,"0","1","","Feb-15-24 07:40:52 PST","Aug-15-26 07:40:52 PDT","Fuel Filters","33660","","","New","","","","","248818005","UK","","",""
"395203104634",MANN C17006 Air Filter Ford Fiesta Mazda etc Check Below,,,"1","FIXED_PRICE","GBP",16.99,,,16.99,"0","","","Feb-15-24 07:52:00 PST","Aug-15-26 07:52:00 PDT","Air Filters","33659","","","New","","","","","248702047","UK","","",""
"395203373692",QDW107 RENAULT CLIO MEGANE 3 WIPER BLADES,,,"1","FIXED_PRICE","GBP",18.99,,,18.99,"0","","","Feb-15-24 10:14:59 PST","Aug-15-26 10:14:59 PDT","Wiper Blades & Refills","179852","","","New other (see details)","","","","","","UK","","5050438502633",""
"395203380705",qls3527s stabiliser link,,,"1","FIXED_PRICE","GBP",9.99,,,9.99,"0","","","Feb-15-24 10:20:06 PST","Aug-15-26 10:20:06 PDT","Sway Bars, Links & Bushings","33592","","","New other (see details)","","","","","","UK","","5050438129397",""
"395203386467",QH QSJ3299S SUSPENSION ARM WISHBONE LEFT MERCEDES BENZ,,,"1","FIXED_PRICE","GBP",54.99,,,54.99,"0","","","Feb-15-24 10:26:40 PST","Aug-15-26 10:26:40 PDT","Control Arms, Ball Joints & Assemblies","33580","","","New other (see details)","","","","","","UK","","5016593836105",""
"395203415452","Genuine Toyota Peugeot Citroen Air Filter QFA0348 fits Proace, Expert, C8",,,"1","FIXED_PRICE","GBP",9.99,,,9.99,"0","","","Feb-15-24 10:50:09 PST","Aug-15-26 10:50:09 PDT","Air Filters","33659","","","New","","","","","249234570","UK","","",""
"395203419705","TQFA0049 & QFL0156 AIR & OIL Filter for HONDA CR-V, HONDA FR-V",,,"1","FIXED_PRICE","GBP",11.5,,,11.5,"0","","","Feb-15-24 10:55:29 PST","Aug-15-26 10:55:29 PDT","Air Filters","33659","","","New","","","","","249720325","UK","","",""
"395203430041","QFA0473 Audi Air Filter AUDI A4, AUDI A4 Allroad, AUDI A5, AUDI Q5",,,"1","FIXED_PRICE","GBP",7.99,,,7.99,"0","","","Feb-15-24 11:01:43 PST","Aug-15-26 11:01:43 PDT","Air Filters","33659","","","New","","","","","249432240","UK","","",""
"395203563573","Air Filter QFA0672 DAIHATSU CHARADE, TOYOTA VERSO S, TOYOTA YARIS VERSO, TOYOTA",,,"1","FIXED_PRICE","GBP",7.99,,,7.99,"0","","","Feb-15-24 12:39:14 PST","Aug-15-26 12:39:14 PDT","Air Filters","33659","","","New","","","","","249387320","UK","","",""
"395203570588",TJ Filters QFA0948 Air Filter Audi Seat Skoda VW,,,"1","FIXED_PRICE","GBP",7.99,,,7.99,"0","","","Feb-15-24 12:44:14 PST","Aug-15-26 12:44:14 PDT","Air Filters","33659","","","New","","","","","248927625","UK","","",""
"395203576372",QFL0309 OIL FILTER VW SCIROCCO AND MANY MORE SEE DESCRIPTION,,,"1","FIXED_PRICE","GBP",5.99,,,5.99,"0","","","Feb-15-24 12:51:05 PST","Aug-15-26 12:51:05 PDT","Service Kits","174087","","","New","","","","","","UK","","",""
"395203582918",TJ Filters QFL0256 Oil Filter VAUXHALL ASTRA ETC SEE COMPATIBILITY TOOL,,,"1","FIXED_PRICE","GBP",5.99,,,5.99,"0","","","Feb-15-24 12:58:44 PST","Aug-15-26 12:58:44 PDT","Oil Filters","33661","","","New","","","","","249488237","UK","","",""
"395203729356",MOOLTIPASS MINI EXTRA SMARTCARDS ADDITIONAL CARDS,,,"20","FIXED_PRICE","GBP",19.99,,,19.99,"0","2","0","Feb-15-24 14:54:58 PST","Aug-15-26 14:54:58 PDT","Other Blank Media & Accs","11161","","","New","","","","","","UK","","",""
"395218285555",YoStar Submersible Pump 2500L/H Water Pump Pond Hydroponics etc,,,"1","FIXED_PRICE","GBP",24.0,,,24.0,"0","1","","Feb-22-24 01:30:25 PST","Aug-22-26 01:30:25 PDT","Water Pumps","77641","","","New other (see details)","","","","","","UK","","",""
"395228073409",PRAKTICA LTL CAMERA WITH CARL ZEISS TESSAR JENA 2.8/50 DDR LENS,,,"1","FIXED_PRICE","GBP",65.0,,,65.0,"0","0","","Feb-26-24 11:18:04 PST","Jul-26-26 11:18:04 PDT","Film Cameras","15230","","","Used","","","","","","UK","","",""
"395232640044",Ace-Tornado Exp88 Nailgun Nail Gun Replaces Hilti DX450,,,"1","FIXED_PRICE","GBP",99.99,,,99.99,"0","1","","Feb-28-24 10:21:23 PST","Jul-28-26 10:21:23 PDT","Nail Guns","20779","","","Used","","","","","","UK","","",""
"395234071779",Makita Fs2500 Drywall TEK Screwdriver 110v,,,"1","FIXED_PRICE","GBP",55.0,,,55.0,"0","0","","Feb-29-24 01:38:50 PST","Jul-29-26 01:38:50 PDT","Screw Guns & Screwdrivers","122839","","","Used","","","","","2060000556","UK","","0088381603225",""
"395234718330",Ford Transit Connect 8/09-2013 Twin Glass Wing Mirror Cable Black Passenger Side,,,"1","FIXED_PRICE","GBP",48.0,,,48.0,"0","0","0","Feb-29-24 04:42:48 PST","Jul-29-26 04:42:48 PDT","Mirror Assemblies","262161","","","New","","","","","","UK","","DoesNotApply",""
"395234733133",MAINS VOLTAGE DOWNLIGHTER DOWNLIGHT ALL GOLD,,,"3","FIXED_PRICE","GBP",5.5,,,5.5,"0","0","","Feb-29-24 04:48:02 PST","Jul-29-26 04:48:02 PDT","Ceiling Lights & Chandeliers","117503","","","New","","","","","","UK","","",""
"395234740366",'EMMA' WHITE MAINS VOLTAGE DOWNLIGHTER DOWNLIGHT WHITE,,,"11","FIXED_PRICE","GBP",5.5,,,5.5,"0","","","Feb-29-24 04:50:11 PST","Jul-29-26 04:50:11 PDT","Light Fittings","112584","","","New","","","","","","UK","","",""
"395257163393",WHITE FISH EYE DOWNLIGHTER,,,"99","FIXED_PRICE","GBP",5.5,,,5.5,"0","","","Mar-08-24 23:23:50 PST","Aug-08-26 23:23:50 PDT","Buttons","7320","","","New","","","","","","UK","","",""
"395283760319","HYCHIKA Classic Reciprocating Saw, 18V Cordless Saw RS22D - Baretool",,,"1","FIXED_PRICE","GBP",33.0,,,33.0,"0","0","","Mar-20-24 15:18:05 PDT","Aug-20-26 14:18:05 PDT","Reciprocating Saws","20788","","","Used","","","","","","UK","","",""
"395283769475",Mac Allister Cordless 12v Drill COD12VCDK Used,,,"1","FIXED_PRICE","GBP",25.0,,,25.0,"0","1","0","Mar-20-24 15:24:54 PDT","Aug-20-26 14:24:54 PDT","Cordless Drills","184655","","","Used","","","","","","UK","","DoesNotApply",""
"395293507353",Meddings 9373/LT/III PEDESTAL PILLAR DRILL -3 Phase (from circa 1970),,,"190","FIXED_PRICE","GBP",230.0,,,230.0,"0","16","0","Mar-24-24 23:46:59 PDT","Aug-24-26 22:46:59 PDT","Drills","147834","","","Used","","","","","","UK","","",""
"395296623483",F42201LO PNEUMATIC FILTER 10BAR 50DEG C,,,"1","FIXED_PRICE","GBP",23.0,,,23.0,"0","","","Mar-26-24 07:23:28 PDT","Jul-26-26 06:23:28 PDT","Other Hydraulics & Pneumatics","48718","","","Used","","","","","","UK","","",""
"395296644425",ROTOTHERM CLEARWAY M140 PRESSURE GUAGE kPa psi,,,"1","FIXED_PRICE","GBP",100.0,,,100.0,"0","","","Mar-26-24 07:34:04 PDT","Jul-26-26 06:34:04 PDT","Thermometers","14022","","","Used","","","","","","UK","","",""
"395296677039",VINTAGE BUDENBERG PRESSURE GUAGE GUAGES 0 TO 1 BAR,,,"1","FIXED_PRICE","GBP",50.0,,,50.0,"0","","","Mar-26-24 07:48:34 PDT","Jul-26-26 06:48:34 PDT","Other Business & Industrial","26261","","","Used","","","","","","UK","","",""
"395296716087",VINTAGE BUDENBERG LIGHT BLUE PRESSURE GUAGE 0 TO 400 BAR,,,"1","FIXED_PRICE","GBP",45.0,,,45.0,"0","","","Mar-26-24 08:06:24 PDT","Jul-26-26 07:06:24 PDT","Other Business & Industrial","26261","","","Used","","","","","","UK","","",""
"395296728211",VINTAGE BUDENBERG PRESSURE GUAGES THREE AVAILABLE,,,"1","FIXED_PRICE","GBP",70.0,,,70.0,"0","","","Mar-26-24 08:13:29 PDT","Jul-26-26 07:13:29 PDT","Other Business & Industrial","26261","","","Used","","","","","","UK","","",""
"395296735925",NEW BUDENBERG 0 TO 2.5 BAR PRESSURE GUAGE,,,"1","FIXED_PRICE","GBP",20.0,,,20.0,"0","","","Mar-26-24 08:18:25 PDT","Jul-26-26 07:18:25 PDT","Other Business & Industrial","26261","","","New other (see details)","","","","","","UK","","",""
"395296754163",VINTAGE 6 BAR BUDENBERG PRESSURE GUAGE,,,"1","FIXED_PRICE","GBP",25.0,,,25.0,"0","","","Mar-26-24 08:34:02 PDT","Jul-26-26 07:34:02 PDT","Other Business & Industrial","26261","","","Used","","","","","","UK","","",""
"395296768603",VINTAGE UCC PRESSURE GUAGE 250 BAR,,,"1","FIXED_PRICE","GBP",25.0,,,25.0,"0","0","","Mar-26-24 08:42:16 PDT","Jul-26-26 07:42:16 PDT","Other Business & Industrial","26261","","","Used","","","","","","UK","","",""
"395297053931",NUTOOL ORBITAL WAXER / POLISHER 240mm PAD 3000 RPM CAR POLISHER,,,"1","FIXED_PRICE","GBP",26.49,,,26.49,"0","0","0","Mar-26-24 11:42:09 PDT","Jul-26-26 10:42:09 PDT","Buffers & Polishers","42266","","","New other (see details)","","","","","","UK","","",""
"395300857059",GENUINE HP 10 PORT HPE OFFICE CONNECT 1910 SERIES SWITCH,,,"1","FIXED_PRICE","GBP",25.0,,,25.0,"0","","","Mar-28-24 00:55:16 PDT","Jul-27-26 23:55:16 PDT","Network Switches","51268","","","Used","","","","","","UK","","",""
"395300857973",Cisco C887 VAM 800 Series Integrated Services Router,,,"1","FIXED_PRICE","GBP",25.0,,,25.0,"0","","","Mar-28-24 00:55:50 PDT","Jul-27-26 23:55:50 PDT","Enterprise Routers","175699","","","Used","","","","","","UK","","",""
"395303122762",3Com Baseline Switch 2816. Gigabit Ethernet 16-port Switch.,,,"1","FIXED_PRICE","GBP",17.99,,,17.99,"0","2","0","Mar-29-24 02:06:57 PDT","Jul-29-26 01:06:57 PDT","Network Switches","51268","","","Used","","","","","","UK","","",""
"395322386965",VELUX BCX W00020 L010 VAPOUR BARRIER CONNECTION STRIP,,,"1","FIXED_PRICE","GBP",27.0,,,27.0,"0","1","","Apr-07-24 00:22:41 PDT","Aug-07-26 00:22:41 PDT","Skylight & Roof Windows","259218","","","New","","","","","","UK","","",""
"395356055655",ELLIOTT PROGRESS 16 PILLAR DRILL,,,"1","FIXED_PRICE","GBP",145.0,,,145.0,"0","17","0","Apr-22-24 02:52:47 PDT","Aug-22-26 02:52:47 PDT","Drills","147834","","","Used","","","","","","UK","","",""
"395357152904",BMW X5 BUMPER REINFORCEMENT BAR 51217158449-08 OEM 74529416,,,"1","FIXED_PRICE","GBP",45.0,,,45.0,"0","","","Apr-22-24 14:49:21 PDT","Aug-22-26 14:49:21 PDT","Bumpers & Reinforcements","33640","","","Used","","","","","","UK","","",""
"395359328036",Bosch GKS 85 110V Circular Saw (060157A060),,,"1","FIXED_PRICE","GBP",60.0,,,60.0,"0","","","Apr-23-24 13:54:58 PDT","Aug-23-26 13:54:58 PDT","Circular Saws","71307","","","Used","","","","","1723200289","UK","","3165140401944",""
"395360967004",MAKITA HP1641 DRILL 110V USED GOOD,,,"1","FIXED_PRICE","GBP",45.0,,,45.0,"0","0","0","Apr-24-24 07:09:38 PDT","Aug-24-26 07:09:38 PDT","Corded Drills","184654","","","Used","","","","","","UK","","",""
"395362936145",EX ARMY FOLDABLE TOUGH BACKPACK BAG 6L POCKETS MAP CARRIER UNZIPS FULLY,,,"4","FIXED_PRICE","GBP",24.99,,,24.99,"1","6","0","Apr-25-24 02:34:40 PDT","Jul-25-26 02:34:40 PDT","Bags","52357","","","Pre-owned - Good","","","","","","UK","","",""
"395371437150",Angle Drill 110v Makita 6300LR Used,,,"1","FIXED_PRICE","GBP",45.0,,,45.0,"0","4","0","Apr-29-24 01:08:25 PDT","Jul-29-26 01:08:25 PDT","Corded Drills","184654","","","Used","","","","","","UK","","",""
"395378100055",WOODEN DECORATORS LADDERS,,,"1","FIXED_PRICE","GBP",35.0,,,35.0,"0","0","","May-02-24 00:26:28 PDT","Aug-02-26 00:26:28 PDT","Ladders","112567","","","Used","","","","","","UK","","",""
"395378101709",METAL DECORATORS LADDERS USED,,,"1","FIXED_PRICE","GBP",35.0,,,35.0,"0","1","0","May-02-24 00:28:47 PDT","Aug-02-26 00:28:47 PDT","Other Business & Industrial","26261","","","Used","","","","","","UK","","",""
"395380651937","36 INCH BULL STILLSON TYPE PIPE WRENCH 36"" HEAVY DUTY",,,"1","FIXED_PRICE","GBP",50.0,,,50.0,"0","1","0","May-03-24 02:15:03 PDT","Aug-03-26 02:15:03 PDT","Pipe Wrenches","20772","","","Used","","","","","","UK","","",""
"395393461627",COUNTAX RIDE ON MOWER BONNET SPARE PART,,,"1","FIXED_PRICE","GBP",60.0,,,60.0,"0","5","0","May-09-24 00:46:42 PDT","Aug-09-26 00:46:42 PDT","Lawn Mower Parts","260923","","","Used","","","","","","UK","","",""
"395393479047",SHARP COPIER TONER MX31GTBA BLACK FOR MX2600 MX3100,,,"1","FIXED_PRICE","GBP",29.99,,,29.99,"2","0","0","May-09-24 00:59:12 PDT","Aug-09-26 00:59:12 PDT","Toner Cartridges","16204","","","Opened – never used","","","","","","UK","","",""
"395393483122",SHARP COPIER TONER CYAN MX31GTCA FOR MX-2600 MX3100,,,"1","FIXED_PRICE","GBP",15.0,,,15.0,"0","","","May-09-24 01:01:49 PDT","Aug-09-26 01:01:49 PDT","Toner Cartridges","16204","","","Used","","","","","","UK","","",""
"395397659243",TRELAWNY SCALING HAMMER PNEUMATIC AIR HAMMER,,,"1","FIXED_PRICE","GBP",140.0,,,140.0,"0","1","","May-10-24 23:20:40 PDT","Aug-10-26 23:20:40 PDT","Air Hammers","42246","","","Used","","","","","","UK","","",""
"395397680131",TRELAWNY SCALING AIR HAMMER PNEUMATIC HAMMER,,,"1","FIXED_PRICE","GBP",140.0,,,140.0,"0","","","May-10-24 23:33:47 PDT","Aug-10-26 23:33:47 PDT","Air Hammers","42246","","","Used","","","","","","UK","","",""
"395397688010",Gast DOA-V501-AE Diaphragm Vacuum Pump Compressor - 110V Oilless Lab Pump,,,"1","FIXED_PRICE","GBP",125.0,,,125.0,"0","2","0","May-10-24 23:37:53 PDT","Aug-10-26 23:37:53 PDT","Other Vacuum Pumps","46548","","","Used","","","","","","UK","","",""
"395398589587",Laser level with tripod and case. Used. Good. Faithfull,,,"1","FIXED_PRICE","GBP",50.0,,,50.0,"0","1","0","May-11-24 09:10:57 PDT","Aug-11-26 09:10:57 PDT","Engineering & Surveying","14019","","","Used","","","","","","UK","","",""
"395411652495",STAGE LIGHTING LIGHTS PAR-64XY PAR 64 230V MAX 1000W,,,"2","FIXED_PRICE","GBP",50.0,,,50.0,"0","","","May-17-24 15:11:00 PDT","Aug-17-26 15:11:00 PDT","Replacement Bulbs & Lamps","81970","","","Used","","","","","","UK","","",""
"395414350854",SHOWTEC 30319 PARCAN 56 500W SHORT BLACK STAGE LIGHTING LIGHT,,,"2","FIXED_PRICE","GBP",30.0,,,30.0,"0","1","","May-19-24 00:26:03 PDT","Aug-19-26 00:26:03 PDT","Stage Lighting Single Units","177022","","","Used","","","","","","UK","","",""
"395435480806","MAKITA TABLE SAW 10"" INCH MODEL 2400 240V",,,"1","FIXED_PRICE","GBP",149.99,,,149.99,"0","2","0","May-29-24 03:46:20 PDT","Jul-29-26 03:46:20 PDT","Saws","42296","","","Used","","","","","","UK","","",""
"395499963982","Really Easy Recorder Book: (With Piano), , Used; Good Book",,,"1","FIXED_PRICE","GBP",6.0,,,6.0,"0","","","Jun-28-24 04:58:42 PDT","Jul-28-26 04:58:42 PDT","Books","261186","","","Like New","","","","","","UK","","","057151037X"
"395500007383",Musique à la Cour d' Angleterre Music Book Elizabethan 1558 to 1642 Score,,,"1","FIXED_PRICE","GBP",22.0,,,22.0,"0","","","Jun-28-24 05:09:31 PDT","Jul-28-26 05:09:31 PDT","Books","261186","","","Very Good","","","","","","UK","","",""
"395500025471",MUSIQUE A LA COUR D'ITALIE PRINCELY COURTS ITALIAN RENAISSANCE MUSIC SCORE BOOK,,,"1","FIXED_PRICE","GBP",22.0,,,22.0,"0","","","Jun-28-24 05:14:12 PDT","Jul-28-26 05:14:12 PDT","Books","261186","","","Acceptable","","","","","","UK","","",""
"395500039113",Jazzin' About By Pamela Wedgwood MUSIC BOOK SCORE FUN PIECES FOR TROMBONE,,,"1","FIXED_PRICE","GBP",4.99,,,4.99,"0","","","Jun-28-24 05:18:53 PDT","Jul-28-26 05:18:53 PDT","School Textbooks & Study Guides","171223","","","Like New","","","","","","UK","","","9780571510535"
"395500042121",SAXAPHONE STUDIO MELODIC STUDIES FOR SAXOPHONE CHRIS ALLEN EASY TO MEDIUM,,,"12","FIXED_PRICE","GBP",6.0,,,6.0,"0","","","Jun-28-24 05:20:25 PDT","Jul-28-26 05:20:25 PDT","Books","261186","","","Acceptable","","","","","","UK","","",""
"395503858778",SONGS OF THE LINLEYS FOR HIGH VOICE STAINER & BELL MUSIC SCORE SHEET BOOK,,,"4","FIXED_PRICE","GBP",5.0,,,5.0,"0","","","Jun-30-24 04:38:58 PDT","Jul-30-26 04:38:58 PDT","Contemporary","182151","","","Very Good","","","","","","UK","","",""
"395516698678","Piano Accompaniment/score (Team Brass) by Duckett, Richard. Paperback. 086359539",,,"1","FIXED_PRICE","GBP",5.5,,,5.5,"0","","","Jul-06-24 04:16:22 PDT","Aug-06-26 04:16:22 PDT","Books","261186","","","Good","","","","","88828908","UK","","","9780863595394"
"395516700362",TOP LINE ALBUM FOR TROMBONE MUSIC BOOK SCORE,,,"1","FIXED_PRICE","GBP",4.99,,,4.99,"0","","","Jul-06-24 04:19:29 PDT","Aug-06-26 04:19:29 PDT","School Textbooks & Study Guides","171223","","","Good","","","","","","UK","","",""
"395516703278",Music Medals Cello Options Practice Book - 9781860965159,,,"1","FIXED_PRICE","GBP",5.99,,,5.99,"0","","","Jul-06-24 04:21:56 PDT","Aug-06-26 04:21:56 PDT","Books","261186","","","Like New","","","","","","UK","","","9781860965159"
"395516712248",Charismatic Cats For Saxaphone with Piano Martin Ellerby,,,"1","FIXED_PRICE","GBP",14.99,,,14.99,"0","","","Jul-06-24 04:33:24 PDT","Aug-06-26 04:33:24 PDT","Contemporary","182151","","","Like New","","","","","","UK","","",""
"395516724940",The Ivors Nominees Songbook 2012 MUSIC BOOK,,,"1","FIXED_PRICE","GBP",15.99,,,15.99,"0","","","Jul-06-24 04:44:55 PDT","Aug-06-26 04:44:55 PDT","Contemporary","182151","","","Like New","","","","","","UK","","9781780387079",""
"395518441349",MAMBO MERENGUE JAZZY SAXOPHONE SOLOS WITH PIANO,,,"1","FIXED_PRICE","GBP",5.0,,,5.0,"0","","","Jul-07-24 03:08:58 PDT","Aug-07-26 03:08:58 PDT","Contemporary","182151","","","New","","","","","","UK","","",""
"395518448947",Elizabethan and Jacobean Songs For Voice and Guitar Music Book Score Criswick,,,"1","FIXED_PRICE","GBP",6.5,,,6.5,"0","1","","Jul-07-24 03:16:47 PDT","Aug-07-26 03:16:47 PDT","Contemporary","182151","","","New","","","","","","UK","","",""
"395518465575",Recorder Duets from the Beginning: Bk.1 (Book One). Pitts 9780711958616 New**,,,"1","FIXED_PRICE","GBP",5.45,,,5.45,"0","","","Jul-07-24 03:32:18 PDT","Aug-07-26 03:32:18 PDT","School Textbooks & Study Guides","171223","","","New","","","","","91873883","UK","","","9780711958616"
"395518490189",VIVALDI BÄRENREITER URTEXT TWO SONATAS FOR VIOLONCELLO & BASS,,,"1","FIXED_PRICE","GBP",9.99,,,9.99,"1","0","0","Jul-07-24 03:45:30 PDT","Aug-07-26 03:45:30 PDT","Instruction Books & Media","182150","","","Acceptable","","","","","","UK","","",""
"395518498503",JAZZY FLUTE 1 MUSIC BOOK JOHN REEMAN,,,"1","FIXED_PRICE","GBP",5.5,,,5.5,"0","","","Jul-07-24 03:50:12 PDT","Aug-07-26 03:50:12 PDT","Contemporary","182151","","","New","","","","","","UK","","9790008041945",""
"395518510551","Five Tudor Portraits Vocal Score by Williams, R. Vaughan Book Choral Poems 1460",,,"1","FIXED_PRICE","GBP",19.99,,,19.99,"0","0","","Jul-07-24 04:01:33 PDT","Aug-07-26 04:01:33 PDT","Books","261186","","","New","","","","","","UK","","","0193389819"
"395519072698","Dawe: New Road To String Playing Cello..., Margery Dawe",,,"1","FIXED_PRICE","GBP",6.5,,,6.5,"0","","","Jul-07-24 10:56:45 PDT","Aug-07-26 10:56:45 PDT","Contemporary","182151","","","New","","","","","","UK","","9790220902918",""
"395519092766","Abracadabra Recorder, Abracadabra Recorder Book 5 2 part, 3 part and 4 part",,,"1","FIXED_PRICE","GBP",5.5,,,5.5,"0","0","0","Jul-07-24 11:05:08 PDT","Aug-07-26 11:05:08 PDT","Books","261186","","","New","","","","","","UK","","","9780713621679"
"395522482695","Handel Flute Sonatas, Volume I G. Henle Verlag",,,"1","FIXED_PRICE","GBP",11.99,,,11.99,"0","1","","Jul-09-24 04:56:52 PDT","Aug-09-26 04:56:52 PDT","Books","261186","","","LIKE_NEW","","","","","","UK","","","9790201804835"
"395522491016",Starter SOLOS for Trombones (BC & TC) With CD New,,,"1","FIXED_PRICE","GBP",7.5,,,7.5,"0","1","","Jul-09-24 05:00:09 PDT","Aug-09-26 05:00:09 PDT","Contemporary","182151","","","New","","","","","","UK","","",""
"395522662182",WARWICK MUSIC SPA TOWN STUDIES TREBLE RECORDER JOHN BROWN,,,"1","FIXED_PRICE","GBP",7.5,,,7.5,"0","","","Jul-09-24 06:02:25 PDT","Aug-09-26 06:02:25 PDT","Contemporary","182151","","","New","","","","","","UK","","",""
"395522737877",ORCHESTER STUDIEN KLARINETTE Peter Löffler Music Score Clarinet,,,"1","FIXED_PRICE","GBP",19.99,,,19.99,"0","","","Jul-09-24 07:00:35 PDT","Aug-09-26 07:00:35 PDT","Contemporary","182151","","","Like New","","","","","","UK","","",""
"395524536398",Really Easy Trombone Book: (With Piano) by Gout Music Score Solos,,,"1","FIXED_PRICE","GBP",5.75,,,5.75,"0","","","Jul-10-24 06:25:13 PDT","Aug-10-26 06:25:13 PDT","Books","261186","","","New","","","","","","UK","","","9780571509997"
"395524546030","THE COMPLETE GUITAR PLAYER BOOK 3 (NEW EDIT..., Various",,,"1","FIXED_PRICE","GBP",7.5,,,7.5,"0","","","Jul-10-24 06:31:43 PDT","Aug-10-26 06:31:43 PDT","Books","261186","","","New","","","","","","UK","","","9780711982284"
"395524549720",Masterwork Classic Duets Level 2 Piano Music  Various,,,"1","FIXED_PRICE","GBP",9.45,,,9.45,"0","","","Jul-10-24 06:36:16 PDT","Aug-10-26 06:36:16 PDT","Books","261186","","","New","","","","","201113949","UK","","","9780739095119"
"395524559374",MARCELLO SONATA in F major FOR TROMBONE AND PIANO Allen Ostrander,,,"1","FIXED_PRICE","GBP",7.89,,,7.89,"0","1","","Jul-10-24 06:44:27 PDT","Aug-10-26 06:44:27 PDT","Instruction Books & Media","182150","","","New","","","","","","UK","","",""
"395524563356",PLAY PIANO TRANSPORT AND TRAVEL Music Book For Children,,,"1","FIXED_PRICE","GBP",6.75,,,6.75,"0","","","Jul-10-24 06:49:32 PDT","Aug-10-26 06:49:32 PDT","Contemporary","182151","","","New","","","","","","UK","","",""
"395527258260","Vintage Classic DESMO 5004 Euro Bar Rack White in Packet Up To 51 "" Gutters",,,"1","FIXED_PRICE","GBP",150.0,,,150.0,"0","","","Jul-11-24 14:15:39 PDT","Aug-11-26 14:15:39 PDT","Roof Racks & Cross Bars","33651","","","New","","","","","","UK","","",""
"395527295503",Vent-a-matic Static Ventilator with Stormguard Model DGS/JG For Glass,,,"6","FIXED_PRICE","GBP",37.99,,,37.99,"2","1","0","Jul-11-24 14:58:03 PDT","Aug-11-26 14:58:03 PDT","Home Windows","45794","","","New","","","","","","UK","","DoesNotApply",""
"395527297657","Sealey SA2 1/2""Sq Drive Air Impact Wrench Bare Unit",,,"1","FIXED_PRICE","GBP",24.99,,,24.99,"1","4","0","Jul-11-24 15:00:29 PDT","Aug-11-26 15:00:29 PDT","Impact Wrenches","179419","","","Used","","","","","","UK","","",""
"395527302353",6 X JOB LOT - WIRE FREE CHIME (BELL & PUSH) WIRELESS DOOR CHIME EASY TO INSTALL,,,"5","FIXED_PRICE","GBP",24.0,,,24.0,"0","0","","Jul-11-24 15:03:44 PDT","Aug-11-26 15:03:44 PDT","Doorbells","115975","","","New","","","","","","UK","","",""
"395527303010","LEYBOLD SPECIAL OIL FILTER FOR VACUUM PUMPS 3/4 "" EK96004",,,"1","FIXED_PRICE","GBP",25.0,,,25.0,"0","","","Jul-11-24 15:04:41 PDT","Aug-11-26 15:04:41 PDT","Other Vacuum Pumps","46548","","","New other (see details)","","","","","","UK","","",""
"395531535273",Makita DJV180Z 18V Li-ion Cordless Jigsaw (Body Only) With Case,,,"1","FIXED_PRICE","GBP",75.0,,,75.0,"0","6","0","Jul-14-24 00:23:49 PDT","Aug-14-26 00:23:49 PDT","Jig Saws","122834","","","Used","","","","","1075228065","UK","","0088381662710",""
"395531627628","MAKITA IN-LINE 8419B HAMMER IMPACT DRILL  TWO SPEED, 110V, WITH CASE",,,"1","FIXED_PRICE","GBP",65.0,,,65.0,"0","","","Jul-14-24 02:13:26 PDT","Aug-14-26 02:13:26 PDT","Hammer Drills","50208","","","Used","","","","","","UK","","Does not apply",""
"395534057050",BRASS SCULPTURE BLACKSMITH ORNAMENT ANVIL SOLID HEAVY ROMANY,,,"1","FIXED_PRICE","GBP",75.0,,,75.0,"0","2","0","Jul-15-24 07:02:01 PDT","Aug-15-26 07:02:01 PDT","Figures/ Models","60657","","","Used","","","","","","UK","","",""
"395534620881",MIKASA MTX-60 PETROL TRENCH TAMPING RAMMER WACKER,,,"1","FIXED_PRICE","GBP",399.99,,,399.99,"0","18","0","Jul-15-24 14:34:18 PDT","Aug-15-26 14:34:18 PDT","Other Construction Tools","64810","","","Used","","","","","","UK","","",""
"395534697176",TWIN DOUBLE PEDESTAL GRINDER 3 Phase,,,"1","FIXED_PRICE","GBP",99.99,,,99.99,"0","15","0","Jul-15-24 15:48:55 PDT","Aug-15-26 15:48:55 PDT","Other CNC, Metalworking & Manufacturing","92150","","","Used","","","","","","UK","","",""
"395534699928",WOLF TWIN DOUBLE PEDESTAL GRINDER,,,"1","FIXED_PRICE","GBP",99.99,,,99.99,"0","1","0","Jul-15-24 15:50:52 PDT","Aug-15-26 15:50:52 PDT","Other Industrial Tools","633","","","Used","","","","","","UK","","",""
"395536008475",Dewalt D21805-LX 110v drill 13mm Percussion  /Hammer drill with case,,,"1","FIXED_PRICE","GBP",65.0,,,65.0,"0","0","","Jul-16-24 06:26:07 PDT","Aug-16-26 06:26:07 PDT","Corded Drills","184654","","","Used","","","","","","UK","","Does not apply",""
"395540207791","Theory is Fun Activity Book 1 Cox by Maureen Cox (Book, 1998)",,,"4","FIXED_PRICE","GBP",55.99,,,55.99,"0","","","Jul-18-24 07:56:46 PDT","Aug-18-26 07:56:46 PDT","Books","261186","","","New","","","","","89314356","UK","","","9781898771128"
"395540211214","Concertino for Trombone & Piano Sheet music score Ridout, Alan",,,"1","FIXED_PRICE","GBP",7.5,,,7.5,"0","","","Jul-18-24 08:00:28 PDT","Aug-18-26 08:00:28 PDT","Contemporary","182151","","","New","","","","","","UK","","9790570401772",""
"395540214311",Abracadabra Recorder - Abracadabra Recorder Book 2 (Pupil's Book): 23 graded...,,,"1","FIXED_PRICE","GBP",7.5,,,7.5,"0","","","Jul-18-24 08:02:43 PDT","Aug-18-26 08:02:43 PDT","Books","261186","","","New","","","","","91950242","UK","","","9780713621594"
"395542102374",OLD MACDONALD'S FUN PIECES Beginner Recorder and keyboard / piano,,,"1","FIXED_PRICE","GBP",6.99,,,6.99,"0","","","Jul-19-24 05:42:35 PDT","Aug-19-26 05:42:35 PDT","Contemporary","182151","","","New","","","","","","UK","","9790060113949",""
"395546432246",MP FILTRI HYDRAULIC FILTER ELEMENT - STR1404SG1M90 P01 ( NOW FF203561B),,,"5","FIXED_PRICE","GBP",27.0,,,27.0,"0","","","Jul-21-24 14:57:38 PDT","Aug-21-26 14:57:38 PDT","Hydraulic Filters","184029","","","New","","","","","","UK","","",""
"395548222508",GENUINE JCB GLASS PANEL 827/80199 CAB UPPER DOOR CLEAR,,,"1","FIXED_PRICE","GBP",150.0,,,150.0,"0","0","0","Jul-22-24 11:36:09 PDT","Aug-22-26 11:36:09 PDT","Other Vehicle Parts & Accs","36631","","","New","","","","","","UK","","",""
"395551545815",HP 8157A OPTICAL ATTENUATOR 1300/1550nm USED POWER CONTROL MODULE OFERS WELCOME,,,"1","FIXED_PRICE","GBP",150.0,,,150.0,"0","","","Jul-24-24 03:07:40 PDT","Aug-24-26 03:07:40 PDT","Other Test, Measurement & Inspection","40004","","","Used","","","","","","UK","","",""
"395554149459",ETESIA PRO 46 PETROL PUSH LAWNMOWER,,,"1","FIXED_PRICE","GBP",200.0,,,200.0,"0","13","0","Jul-25-24 09:32:15 PDT","Jul-25-26 09:32:15 PDT","Lawn Mowers","260921","","","Used","","","","","","UK","","",""
"395558106407",G FORCE CR250HV 11mtr Fall Arrest Block RetractableHorizontal /Vertical 120kg,,,"1","FIXED_PRICE","GBP",55.0,,,55.0,"0","0","","Jul-27-24 06:42:55 PDT","Jul-27-26 06:42:55 PDT","Other Personal Protective Equipment","11900","","","Used","","","","","","UK","","",""
"395558114410",Makita HR3540C 110V Rotary Hammer Drill NO CHUCK,,,"1","FIXED_PRICE","GBP",70.0,,,70.0,"0","2","0","Jul-27-24 06:56:42 PDT","Jul-27-26 06:56:42 PDT","Corded Drills","184654","","","Used","","","","","1605190501","UK","","0088381093583",""
"395568796219",BOSCH PSB 500 RE HAMMER DRILL CORDED ELECTRIC DRILL 240V,,,"1","FIXED_PRICE","GBP",48.99,,,48.99,"0","2","0","Aug-01-24 08:44:58 PDT","Aug-01-26 08:44:58 PDT","Corded Drills","184654","","","Used","","","","","","UK","","",""
"395568836432",P+P AUTO REEL PLUS 2.4M MK2 90090MK2 FALL ARREST,,,"1","FIXED_PRICE","GBP",45.0,,,45.0,"0","2","","Aug-01-24 09:14:37 PDT","Aug-01-26 09:14:37 PDT","Other Car Parts & Accessories","9886","","","Used","","","","","","UK","","",""
"395580007115",ALLIED SWEEPERS GREEN MACHINE 414 DIESEL YARD ROAD SWEEPER,,,"0","FIXED_PRICE","GBP",1200.0,,,1200.0,"1","22","0","Aug-06-24 15:39:44 PDT","Aug-06-26 15:39:44 PDT","Agricultural & Industrial","69826","","","Used","","","","","","UK","","",""
"395591155870",V TUF MIGHTY  MIDI 21L DUST EXTRACTOR EXTRACTION 110V  H CLASS VAC VACUUM,,,"1","FIXED_PRICE","GBP",90.0,,,90.0,"2","11","0","Aug-12-24 03:44:01 PDT","Aug-12-26 03:44:01 PDT","Wet & Dry Vacuum Cleaners","184337","","","Used","","","","","","UK","","",""
"395597532226",HAYTER HOBBY PETROL PUSH LAWNMOWER,,,"1","FIXED_PRICE","GBP",70.0,,,70.0,"0","1","0","Aug-15-24 04:59:50 PDT","Aug-15-26 04:59:50 PDT","Lawn Mower Parts","260923","","","Used","","","","","","UK","","",""
"395597549063",Elite RVK60 Industrial Wet & Dry Vacuum 110V 32A 60L Twin Motor Dust Extractor,,,"2","FIXED_PRICE","GBP",150.0,,,150.0,"2","8","0","Aug-15-24 05:03:32 PDT","Aug-15-26 05:03:32 PDT","Canister & Wet/Dry Vacuums","66961","","","Used","","","","","","UK","","",""
"395602967644",NUMATIC WET AND DRY INDUSTRIAL VACUUM VAC COMMERCIAL VAC HOOVER 110V,,,"1","FIXED_PRICE","GBP",175.0,,,175.0,"0","5","0","Aug-18-24 01:56:01 PDT","Aug-18-26 01:56:01 PDT","Dust Extractors","116670","","","Used","","","","","","UK","","",""
"395616282375",EIC2711 (2711) BLACK INK CARTRIDGE FOR EPSON WORKFORCE PRO,,,"1","FIXED_PRICE","GBP",9.99,,,9.99,"0","","","Aug-24-24 13:22:28 PDT","Aug-24-26 13:22:28 PDT","Ink Cartridges","16191","","","New","","","","","","UK","","",""
"395616298355",JOHNSTON SWEEPERS FUEL FILTER E01174416,,,"1","FIXED_PRICE","GBP",17.0,,,17.0,"0","","","Aug-24-24 13:26:57 PDT","Aug-24-26 13:26:57 PDT","Other Commercial Vehicle Parts","36799","","","New","","","","","","UK","","",""
"395616301330",JOHNSTON SWEEPERS OIL FILTER E 01174416,,,"2","FIXED_PRICE","GBP",20.0,,,20.0,"0","","","Aug-24-24 13:29:07 PDT","Aug-24-26 13:29:07 PDT","Other Vehicle Parts & Accs","36631","","","New","","","","","","UK","","",""
"395616304953","JOHNSTON HYDRAULIC FILTER 15411 ROAD SWEEPER SUCTION FILTER Johnston 605, VT650",,,"7","FIXED_PRICE","GBP",45.0,,,45.0,"0","2","0","Aug-24-24 13:33:18 PDT","Aug-24-26 13:33:18 PDT","Agricultural Vehicle Parts","108853","","","New","","","","","","UK","","",""
"395616307531",JOHNSTON SWEEPERS 17951988-0 HYDRAULIC FILTER ELEMENT,,,"1","FIXED_PRICE","GBP",70.0,,,70.0,"0","","","Aug-24-24 13:34:54 PDT","Aug-24-26 13:34:54 PDT","Other Commercial Vehicle Parts","36799","","","New","","","","","","UK","","",""
"395616313085",JOHNSTON SWEEPERS 6974-1-C 6974 Filter - Water Tank,,,"2","FIXED_PRICE","GBP",25.0,,,25.0,"0","1","","Aug-24-24 13:37:29 PDT","Aug-24-26 13:37:29 PDT","Other Commercial Vehicle Parts","36799","","","New","","","","","","UK","","",""
"395616334994",RDL CK6 CONVERSION KIT 184MM DIAMETER HOLE EXTRACTION EXTRACTOR FAN GLASS,,,"4","FIXED_PRICE","GBP",15.0,,,15.0,"0","2","0","Aug-24-24 13:51:16 PDT","Aug-24-26 13:51:16 PDT","Other Heating, Cooling & Air","260496","","","New","","","","","","UK","","",""
"395624468450",ST-PT-05 USED,,,"1","FIXED_PRICE","GBP",200.0,,,200.0,"0","","","Aug-28-24 09:04:42 PDT","Jul-28-26 09:04:42 PDT","Other Construction Tools","64810","","","Used","","","","","","UK","","",""
"395624476094",FOR USE WITH TOPCON GPT-8000 TILT SENSOR GTS 600 ST-AK-06,,,"1","FIXED_PRICE","GBP",170.0,,,170.0,"0","","","Aug-28-24 09:09:36 PDT","Jul-28-26 09:09:36 PDT","Other Facility Surveillance","183875","","","Used","","","","","","UK","","",""
"395627415075","Ransomes Matador, Vintage 24"" Cylinder Mower. MAG Engine",,,"1","FIXED_PRICE","GBP",200.0,,,200.0,"0","7","0","Aug-29-24 05:08:39 PDT","Jul-29-26 05:08:39 PDT","Lawn Mowers","260921","","","Used","","","","","","UK","","",""
"395635462920",JOHNSTON 17904669-0 AIR FILTER,,,"6","FIXED_PRICE","GBP",30.0,,,30.0,"0","","","Aug-31-24 13:27:38 PDT","Jul-31-26 13:27:38 PDT","Agricultural Vehicle Parts","108853","","","New","","","","","","UK","","",""
"395641263182",WARMTHRU PAIR OF ARMBANDS BATTERY HOLDERS FOR 3.7V BATTERIES FOR HEATED CLOTHING,,,"2","FIXED_PRICE","GBP",11.99,,,11.99,"0","0","","Sep-02-24 06:04:38 PDT","Aug-02-26 06:04:38 PDT","Other Sporting Goods","310","","","New","","","","","","UK","","",""
"395688348242",FUJITSU LIFEBOOK A557 4gb Ram 500gb Hdd Core i-7 proz 15.6 Screen,,,"1","FIXED_PRICE","GBP",160.0,,,160.0,"0","1","","Sep-15-24 04:54:04 PDT","Aug-15-26 04:54:04 PDT","PC Laptops & Netbooks","177","","","Used","","","","","","UK","","",""
"395688613439","Ridgegear RGK1/AT 19mm Srewgate Steel Karabiner For Fall Arrest, Rope Access etc",Pack of=5;10;20,,"2","FIXED_PRICE","GBP",28.5,,,28.5,"3","0","0","Sep-15-24 06:48:33 PDT","Aug-15-26 06:48:33 PDT","Safety Harnesses","53153","","","New other (see details)","","","","","","UK","","",""
"395688613439","Ridgegear RGK1/AT 19mm Srewgate Steel Karabiner For Fall Arrest, Rope Access etc",Pack of=5,,"0","FIXED_PRICE","GBP",15.0,,,,"1",,,"Sep-15-24 06:48:33 PDT","Aug-15-26 06:48:33 PDT","Safety Harnesses","53153","","","New other (see details)",,,,,"","UK","","",""
"395688613439","Ridgegear RGK1/AT 19mm Srewgate Steel Karabiner For Fall Arrest, Rope Access etc",Pack of=10,,"2","FIXED_PRICE","GBP",28.5,,,,"2",,,"Sep-15-24 06:48:33 PDT","Aug-15-26 06:48:33 PDT","Safety Harnesses","53153","","","New other (see details)",,,,,"","UK","","",""
"395688613439","Ridgegear RGK1/AT 19mm Srewgate Steel Karabiner For Fall Arrest, Rope Access etc",Pack of=20,,"0","FIXED_PRICE","GBP",57.0,,,,"0",,,"Sep-15-24 06:48:33 PDT","Aug-15-26 06:48:33 PDT","Safety Harnesses","53153","","","New other (see details)",,,,,"","UK","","",""
"395689519321",COMMSCOPE MECHANICAL JOINT CLOSURE,,,"1","FIXED_PRICE","GBP",35.0,,,35.0,"0","","","Sep-15-24 12:27:31 PDT","Aug-15-26 12:27:31 PDT","Other Electrical Equipment & Supplies","92078","","","Used","","","","","","UK","","",""
"395704000284","Wire Reinforced Suction And Delivery Hose | I/D 1/2""(12mm) - 10m | WRSH12",,,"1","FIXED_PRICE","GBP",26.0,,,26.0,"0","1","","Sep-19-24 08:43:48 PDT","Aug-19-26 08:43:48 PDT","Other Material Handling","26224","","","New","","","","","","UK","","",""
"395707314101",Ryval 1.0mm SG2 15kg Plastic Spool Wire Mild Steel,,,"1","FIXED_PRICE","GBP",36.0,,,36.0,"0","1","","Sep-20-24 06:50:00 PDT","Aug-20-26 06:50:00 PDT","Other Motorcycle & Scooter Parts & Accessories","179753","","","New other (see details)","","","","","","UK","","",""
"395707339088",COMPENI SA 110/40 SL THERMOPLASTIC ENCLOSURE 4 HOLE,,,"1","FIXED_PRICE","GBP",28.0,,,28.0,"0","","","Sep-20-24 07:08:51 PDT","Aug-20-26 07:08:51 PDT","Electrical Boxes & Enclosures","42886","","","New other (see details)","","","","","","UK","","",""
"395708533021",GENUINE FORD TRANSIT AIR FILTER ELEMENT 2000 - 2014,,,"1","FIXED_PRICE","GBP",18.0,,,18.0,"0","","","Sep-20-24 14:09:20 PDT","Aug-20-26 14:09:20 PDT","Air Filters","33659","","","New","","","","","","UK","","",""
"395708595707",DONALDSON OIL LUBE FILTER P550761,,,"1","FIXED_PRICE","GBP",14.5,,,14.5,"0","","","Sep-20-24 14:30:56 PDT","Aug-20-26 14:30:56 PDT","Filters","259094","","","New","","","","","","UK","","",""
"395714076679",TECONNEX QJ3 3 SEGMENT V BAND CLAMP  QUICK RELEASE,,,"1","FIXED_PRICE","GBP",15.0,,,15.0,"0","1","","Sep-22-24 03:29:10 PDT","Aug-22-26 03:29:10 PDT","Other Performance Exhausts","173667","","","Used","","","","","","UK","","",""
"395714386425","DT MERCEDES OIL SEAL 4.20498 ACTROS, AXOR,ANTOS, AROCS,  ATEGO, shaft seal",,,"1","FIXED_PRICE","GBP",21.0,,,21.0,"0","","","Sep-22-24 05:38:25 PDT","Aug-22-26 05:38:25 PDT","Gaskets, Seals & Kits","177971","","","New","","","","","","UK","","",""
"395714402686",DAF LF 55-220 2002-2008 YEAR TENSIONER BELT 4987964,,,"1","FIXED_PRICE","GBP",48.0,,,48.0,"0","","","Sep-22-24 05:51:30 PDT","Aug-22-26 05:51:30 PDT","Other Engine Parts","61304","","","New other (see details)","","","","","","UK","","",""
"395715162855",GENUINE DAF 1706306 U-BOLT.METR.F. AXLE SUSPENSION,,,"1","FIXED_PRICE","GBP",30.0,,,30.0,"0","","","Sep-22-24 10:54:03 PDT","Aug-22-26 10:54:03 PDT","Tie Rods & Steering Linkages","33593","","","New","","","","","","UK","","",""
"395715166858",GENUINE DAF FLANGE NUT FN220051,,,"5","FIXED_PRICE","GBP",8.0,,,8.0,"0","","","Sep-22-24 10:58:44 PDT","Aug-22-26 10:58:44 PDT","Other Car Parts & Accessories","9886","","","New","","","","","","UK","","",""
"395715184677",Daf ATRA Pillar bolt fits DAF ATRA565 x 10,,,"1","FIXED_PRICE","GBP",60.0,,,60.0,"0","","","Sep-22-24 11:04:29 PDT","Aug-22-26 11:04:29 PDT","Wheel Nuts, Bolts & Studs","33749","","","New","","","","","","UK","","",""
"395718210190",+FITS Renault Midlum Door Handle Lock Set PAIR RH/LH - 5001834847 DAF148PAIR,,,"1","FIXED_PRICE","GBP",15.0,,,15.0,"0","1","0","Sep-23-24 08:01:47 PDT","Aug-23-26 08:01:47 PDT","Cab Doors & Hardware","184796","","","New other (see details)","","","","","","UK","","",""
"395718259231",DAF FLANGE NUT X 2 1212206,,,"1","FIXED_PRICE","GBP",8.0,,,8.0,"0","","","Sep-23-24 08:23:04 PDT","Aug-23-26 08:23:04 PDT","Other Lorry/Truck Parts","184670","","","New other (see details)","","","","","","UK","","",""
"395729817180",Mercedes Benz Sprinter 2.1 2013 (diesel) Front Brake Cable,,,"1","FIXED_PRICE","GBP",11.49,,,11.49,"0","","","Sep-26-24 09:24:49 PDT","Jul-26-26 09:24:49 PDT","Calipers & Brackets","33563","","","New","","","","","","UK","","",""
"395729838465",Gates OAP7097 Overrunning Alternator Pulley Crankshaft,,,"1","FIXED_PRICE","GBP",32.0,,,32.0,"0","","","Sep-26-24 09:39:47 PDT","Jul-26-26 09:39:47 PDT","Pulleys","262062","","","New","","","","","","UK","","5414465897559",""
"395732781232",GENUINE FORD TRANSIT MK4 ACCESSORY DRIVE TENSION PULLEY BOLT 1437833 x 3 PACK,,,"1","FIXED_PRICE","GBP",11.25,,,11.25,"0","","","Sep-27-24 05:00:18 PDT","Jul-27-26 05:00:18 PDT","Wheel Nuts, Bolts & Studs","33749","","","New","","","","","","UK","","",""
"395733049833",GENUINE DAF CBU1345 EXHAUST GASKET PACK OF 10,,,"1","FIXED_PRICE","GBP",20.0,,,20.0,"0","","","Sep-27-24 06:15:19 PDT","Jul-27-26 06:15:19 PDT","Gaskets & Seals","33665","","","New","","","","","","UK","","",""
"395733066967",Genuine Ford Nut - Hex. - 4762653,,,"2","FIXED_PRICE","GBP",9.0,,,9.0,"1","0","","Sep-27-24 06:35:07 PDT","Jul-27-26 06:35:07 PDT","Other Car Parts & Accessories","9886","","","New","","","","","","UK","","Does not apply",""
"395733079701",Genuine FORD Screws x 2 GC 1437849,,,"1","FIXED_PRICE","GBP",9.0,,,9.0,"0","1","","Sep-27-24 06:38:53 PDT","Jul-27-26 06:38:53 PDT","Other Car Parts & Accessories","9886","","","New","","","","","","UK","","",""
"395733195552",RENAULT TRUCKS GENUINE 7485154093 FILTER,,,"1","FIXED_PRICE","GBP",17.5,,,17.5,"0","","","Sep-27-24 07:35:23 PDT","Jul-27-26 07:35:23 PDT","Service Kits","174087","","","New","","","","","","UK","","",""
"395733640572",Mahle LX1845 Air Filter,,,"1","FIXED_PRICE","GBP",14.0,,,14.0,"0","","","Sep-27-24 11:04:38 PDT","Jul-27-26 11:04:38 PDT","Air Filters","33659","","","New other (see details)","","","","","249317609","UK","","",""
"395734087149","Commercial Vehicle Wiper Blade - 26"" (660mm)  5 PACKS. Bus Truck Coach CV26/912",,,"1","FIXED_PRICE","GBP",43.0,,,43.0,"0","","","Sep-27-24 13:57:43 PDT","Jul-27-26 13:57:43 PDT","Wiper Blades & Refills","179852","","","New","","","","","","UK","","",""
"395736245783","COMMERCIAL TRUCK BUS COACH 22 "" 57CM WIPER BLADE CV22/912",,,"1","FIXED_PRICE","GBP",11.5,,,11.5,"0","0","","Sep-28-24 04:29:20 PDT","Jul-28-26 04:29:20 PDT","Wiper Blades & Refills","179852","","","New","","","","","","UK","","",""
"395736254258","22"" WIPER BLADE RENAULT SCENIC 2009 ETC",,,"1","FIXED_PRICE","GBP",11.25,,,11.25,"0","","","Sep-28-24 04:34:20 PDT","Jul-28-26 04:34:20 PDT","Wiper Blades & Refills","179852","","","New other (see details)","","","","","","UK","","",""
"395736365274","New Bearing Anti Roll Bar  Bush, stabiliser, ACHB081",,,"1","FIXED_PRICE","GBP",10.0,,,10.0,"0","","","Sep-28-24 05:11:40 PDT","Jul-28-26 05:11:40 PDT","Sway Bars, Links & Bushings","33592","","","New","","","","","","UK","","4051334009128",""
"395736463623","Renault FL II (01.06-) 192-11897-800 wing mirror for Volvo FL, FE (2005-2014) tr",,,"1","FIXED_PRICE","GBP",24.99,,,24.99,"0","","","Sep-28-24 05:29:45 PDT","Jul-28-26 05:29:45 PDT","Mirror Assemblies","262161","","","New other (see details)","","","","","","UK","","",""
"395736518335",For Ford Transit MK7 2.2 Fuel Tank Sender Return Pipe 1431727 6C11-9C318-AB,,,"1","FIXED_PRICE","GBP",40.0,,,40.0,"0","1","0","Sep-28-24 05:53:59 PDT","Jul-28-26 05:53:59 PDT","Hoses, Lines & Pipes","173950","","","New","","","","","","UK","","",""
"395736609236",FITS DAF CF75 Euro 3 DFSB0063 SPRING EYE BUSH HEAVY DUTY VERSION 1671219,,,"2","FIXED_PRICE","GBP",14.25,,,14.25,"0","","","Sep-28-24 06:13:56 PDT","Jul-28-26 06:13:56 PDT","Other Car Parts & Accessories","9886","","","New","","","","","","UK","","Does not apply",""
"395736624171",Genuine Ford Transit Mk7 Transit Mk6 Front Cross Member Mounting Bush 1495713,,,"1","FIXED_PRICE","GBP",20.0,,,20.0,"0","","","Sep-28-24 06:25:03 PDT","Jul-28-26 06:25:03 PDT","Other Exterior Parts & Accessories","14769","","","New","","","","","","UK","","",""
"395739421000",Genuine DAF LF XB Upper metal tread step plate 1404296,,,"1","FIXED_PRICE","GBP",42.0,,,42.0,"0","2","0","Sep-29-24 01:24:40 PDT","Jul-29-26 01:24:40 PDT","Other Lorry/Truck Accessories","184676","","","New other (see details)","","","","","","UK","","",""
"395739529069",LOWER STEP LHS - DAF LF45/55,,,"1","FIXED_PRICE","GBP",40.0,,,40.0,"0","","","Sep-29-24 02:07:23 PDT","Jul-29-26 02:07:23 PDT","Other Exterior, Body & Frame","184816","","","New","","","","","","UK","","",""
"395739582554",DINEX EXHAUST PIPE 21758 DAFL F 55 45 SEE COMPATIBILITY IN DESCRIPTION,,,"2","FIXED_PRICE","GBP",30.0,,,30.0,"0","1","","Sep-29-24 02:40:43 PDT","Jul-29-26 02:40:43 PDT","Exhaust Pipes & Tips","33633","","","New other (see details)","","","","","","UK","","",""
"395751313770",KNORR-BREMSE  ll 40300F / 119452SP AIR DRYER CARTRIDGE ,,,"1","FIXED_PRICE","GBP",29.5,,,29.5,"0","1","","Oct-02-24 13:32:24 PDT","Aug-02-26 13:32:24 PDT","Air Dryers","184696","","","New","","","","","","UK","","Does not apply",""
"395751365816",WABCO SPRINGS REPAIR KIT 12999727VT,,,"1","FIXED_PRICE","GBP",80.0,,,80.0,"0","","","Oct-02-24 13:46:10 PDT","Aug-02-26 13:46:10 PDT","Other Brake Parts","184715","","","New other (see details)","","","","","","UK","","",""
"395804072024",DeWalt Compact Variable Speed Reciprocating Saw DWE 357-LX With Case,,,"1","FIXED_PRICE","GBP",43.0,,,43.0,"0","3","0","Oct-16-24 14:02:25 PDT","Aug-16-26 14:02:25 PDT","Reciprocating Saws","20788","","","Used","","","","","","UK","","",""
"395805941798",PROTECTA AD515 RETRIVAL WINCH FALL ARREST BLOCK,,,"1","FIXED_PRICE","GBP",180.0,,,180.0,"0","4","0","Oct-17-24 06:04:11 PDT","Aug-17-26 06:04:11 PDT","Other Personal Protective Equipment","11900","","","Used","","","","","","UK","","",""
"395806789230","Ridgegear RGH2 Body Harness, and RGL 12 Lanyard USED Safety",,,"1","FIXED_PRICE","GBP",34.0,,,34.0,"0","1","","Oct-17-24 14:00:27 PDT","Aug-17-26 14:00:27 PDT","Safety Harnesses","53153","","","Used","","","","","","UK","","",""
"395816407864",HONEYWELL MILLER 2.1M TRIPOD SAFETY 10005041 EN795 FALL ARREST RESCUE,,,"1","FIXED_PRICE","GBP",189.99,,,189.99,"0","3","0","Oct-21-24 14:13:04 PDT","Aug-21-26 14:13:04 PDT","Tripods & Monopods","30093","","","Used","","","","","","UK","","",""
"395818810161",SOAG PAPER DRILL DRILLING MACHINE USED VINTAGE,,,"1","FIXED_PRICE","GBP",150.0,,,150.0,"1","6","0","Oct-22-24 13:44:53 PDT","Aug-22-26 13:44:53 PDT","Binding & Finishing Equipment","26244","","","Used","","","","","","UK","","",""
"395818820935",MAKITA RECIPROCATING SAW 110V USED GOOD,,,"1","FIXED_PRICE","GBP",55.0,,,55.0,"0","3","0","Oct-22-24 13:58:30 PDT","Aug-22-26 13:58:30 PDT","Reciprocating Saws","20788","","","Used","","","","","","UK","","",""
"395820317717",Electric Flat/Saddle Stapler Paper/Book Binding Machine Foot Pedal Industrial,,,"1","FIXED_PRICE","GBP",200.0,,,200.0,"1","4","0","Oct-23-24 03:45:18 PDT","Aug-23-26 03:45:18 PDT","Binding","112411","","","Used","","","","","","UK","","",""
"395832416972",PREPARED MICROSCOPE SLIDES SCIENCE ENVIRONMENT POLLUTION (Eg Lung Coal Dust etc),,,"60","FIXED_PRICE","GBP",9.99,,,9.99,"30","15","0","Oct-26-24 08:06:48 PDT","Jul-26-26 08:06:48 PDT","Microscope Slides & Slide Covers","26418","","","New","","","","","","UK","","",""
"395844259791",DAF CF XF Truck Lorry 1287103 Seal Ring Differential 65 75 85CF CF65 75 etc,,,"1","FIXED_PRICE","GBP",32.0,,,32.0,"0","","","Oct-29-24 14:44:34 PDT","Jul-29-26 13:44:34 PDT","Caps","262117","","","New","","","","","","UK","","",""
"395844276332",GENUINE DAF ABS SENSOR 1778552 WHEEL SPEED,,,"1","FIXED_PRICE","GBP",37.0,,,37.0,"0","","","Oct-29-24 15:03:47 PDT","Jul-29-26 14:03:47 PDT","Brake Sensors & Switches","184704","","","New","","","","","","UK","","",""
"395848355455",DFSB0047 STABILIZER BALL JOINT & GEAR BOX BALL JOINT FITS DAF LF TRUCK LORRY,,,"1","FIXED_PRICE","GBP",22.0,,,22.0,"0","","","Oct-30-24 15:13:28 PDT","Jul-30-26 14:13:28 PDT","Performance Pistons & Rings","175565","","","New other (see details)","","","","","","UK","","",""
"395848364274",DAF 1703626 SEALING RING SHAFTS FRONT AXLE,,,"1","FIXED_PRICE","GBP",10.0,,,10.0,"0","","","Oct-30-24 15:18:39 PDT","Jul-30-26 14:18:39 PDT","Other Lorry/Truck Parts","184670","","","New","","","","","","UK","","",""
"395848392354",DAF 1829390 - CONTROL VALVE HEATER,,,"1","FIXED_PRICE","GBP",80.0,,,80.0,"0","","","Oct-30-24 15:38:52 PDT","Jul-30-26 14:38:52 PDT","Valves","184761","","","New other (see details)","","","","","","UK","","",""
"395849820406",DAF 1855659 MOUNTING KIT - SEAT CABLE GENUINE ORIGINAL UNUSED,,,"1","FIXED_PRICE","GBP",65.0,,,65.0,"0","","","Oct-31-24 00:32:37 PDT","Jul-30-26 23:32:37 PDT","Other Lorry/Truck Accessories","184676","","","New other (see details)","","","","","","UK","","",""
"395849984895",1703804 Genuine DAF Wheel Speed Sensor Clamping Bush New,,,"4","FIXED_PRICE","GBP",13.5,,,13.5,"0","","","Oct-31-24 01:30:41 PDT","Jul-31-26 00:30:41 PDT","Other Lorry/Truck Parts","184670","","","New","","","","","","UK","","",""
"395849987647",DAF 1315694 CLAMPING BUSH ABS NEW GENUINE DAF,,,"1","FIXED_PRICE","GBP",8.99,,,8.99,"0","","","Oct-31-24 01:32:47 PDT","Jul-31-26 00:32:47 PDT","Other Lorry/Truck Parts","184670","","","New","","","","","","UK","","",""
"395850825878",Fits DAF LF45 Mirror Bracket Upper 1404897,,,"1","FIXED_PRICE","GBP",60.0,,,60.0,"0","","","Oct-31-24 06:06:51 PDT","Jul-31-26 05:06:51 PDT","Mirrors","184808","","","New","","","","","","UK","","DoesNotApply",""
"395850849404",PACCAR 1407760 TUBE FUEL DRAIN PIPE FITS DAF,,,"1","FIXED_PRICE","GBP",82.0,,,82.0,"0","","","Oct-31-24 06:20:14 PDT","Jul-31-26 05:20:14 PDT","Hoses, Lines & Pipes","173950","","","New","","","","","","UK","","",""
"395850866480",Front Abs Sensor  Fits Mercedes Benz Actros Atego Febi 46016,,,"1","FIXED_PRICE","GBP",25.0,,,25.0,"0","","","Oct-31-24 06:23:28 PDT","Jul-31-26 05:23:28 PDT","Other Brake Parts","42605","","","New other (see details)","","","","","","UK","","4027816460169",""
"395855983890",1703601 Genuine DAF Quick Release Coupling T Piece,,,"1","FIXED_PRICE","GBP",9.0,,,9.0,"0","","","Nov-01-24 14:18:30 PDT","Aug-01-26 13:18:30 PDT","Brake Hose Connectors","184708","","","New","","","","","","UK","","",""
"395856031079",GENUINE DAF LF / XB Interior / Cabin Air Filter Element 1950785 DAF,,,"3","FIXED_PRICE","GBP",12.5,,,12.5,"0","","","Nov-01-24 14:24:59 PDT","Aug-01-26 13:24:59 PDT","Filters","184817","","","New","","","","","","UK","","",""
"395867886976",Mailing Machine - Vertical MailBagger Polybagger Bagger Bagging Machine Magazine,,,"1","FIXED_PRICE","GBP",250.0,,,250.0,"0","0","","Nov-04-24 13:22:01 PST","Aug-04-26 13:22:01 PDT","Sealers & Sealing Machines","11808","","","Used","","","","","","UK","","",""
"395881282264",DAF 1406058 Mudguard Filler Front Wheel Arch Liner Mudflap,,,"1","FIXED_PRICE","GBP",59.99,,,59.99,"0","","","Nov-08-24 14:16:16 PST","Aug-08-26 14:16:16 PDT","Other Exterior, Body & Frame","184816","","","New","","","","","","UK","","",""
"395908981978","Biemmedue BM2 MS17 17"" 430mm Professional Floor Scrubber Polisher 240V 1300W",,,"2","FIXED_PRICE","GBP",140.0,,,140.0,"1","35","0","Nov-15-24 11:11:15 PST","Aug-15-26 11:11:15 PDT","Corded Scrubbers & Buffers","46535","","","Used","","","","","","UK","","",""
"395909041085",Makita HM0870C 110v SDS Demolition Rotary Hammer Drill Used,,,"2","FIXED_PRICE","GBP",125.0,,,125.0,"0","5","0","Nov-15-24 11:44:37 PST","Aug-15-26 11:44:37 PDT","Hammer Drills","50208","","","Used","","","","","","UK","","",""
"395909161126",Makita HM1214C 10Kg SDS-Max Demolition Concrete Hammer AVT Breaker Chuck missing,,,"1","FIXED_PRICE","GBP",110.0,,,110.0,"0","6","0","Nov-15-24 13:27:09 PST","Aug-15-26 13:27:09 PDT","Hammer Drills","50208","","","Used","","","","","","UK","","",""
"395909170394",Milwaukee K500 110v SDS Max 5kg Breaker Demolition Hammer & Case,,,"1","FIXED_PRICE","GBP",149.99,,,149.99,"0","5","0","Nov-15-24 13:35:28 PST","Aug-15-26 13:35:28 PDT","Rotary Tools","177003","","","Used","","","","","","UK","","",""
"395911491768",Rhino 240V TQ3 2200W Infrared Heater 2.2kw Quartz Infra-Red Space Heater,,,"3","FIXED_PRICE","GBP",145.0,,,145.0,"3","6","0","Nov-16-24 13:51:32 PST","Aug-16-26 13:51:32 PDT","Space Heaters","20613","","","Used","","","","","","UK","","",""
"395918969125",Genuine DAF Flange bolt 1399595,,,"1","FIXED_PRICE","GBP",11.5,,,11.5,"0","","","Nov-19-24 13:34:35 PST","Aug-19-26 13:34:35 PDT","Other Engine Parts","61304","","","New","","","","","","UK","","",""
"395918971381",DAF CBU2660 GASKET,,,"1","FIXED_PRICE","GBP",14.45,,,14.45,"0","","","Nov-19-24 13:36:30 PST","Aug-19-26 13:36:30 PDT","Gaskets & Seals","33665","","","New","","","","","","UK","","",""
"395918973705",DAF 1628800 BALL / SOCK JOINT,,,"1","FIXED_PRICE","GBP",13.5,,,13.5,"0","2","0","Nov-19-24 13:39:53 PST","Aug-19-26 13:39:53 PDT","Ball Joints","184895","","","New","","","","","","UK","","",""
"395937290245",Daf 1404876 mirror bracket upper,,,"1","FIXED_PRICE","GBP",99.99,,,99.99,"0","","","Nov-25-24 03:34:42 PST","Jul-25-26 03:34:42 PDT","Mirrors","184808","","","New","","","","","","UK","","",""
"395941055916",FOB WATCH PAEDIATRIC NURSE SAFETY SILICONE ELDERLY NO SHARP PIN VET VETERINARY,Colour=Pink;Red,,"5","FIXED_PRICE","GBP",8.99,,,8.99,"0","2","","Nov-26-24 05:24:04 PST","Jul-26-26 05:24:04 PDT","Pocket Watches","3937","","","New without box or papers","","","","","","UK","","",""
"395941055916",FOB WATCH PAEDIATRIC NURSE SAFETY SILICONE ELDERLY NO SHARP PIN VET VETERINARY,Colour=Pink,,"4","FIXED_PRICE","GBP",8.99,,,,"0",,,"Nov-26-24 05:24:04 PST","Jul-26-26 05:24:04 PDT","Pocket Watches","3937","","","New without box or papers",,,,,"","UK","","",""
"395941055916",FOB WATCH PAEDIATRIC NURSE SAFETY SILICONE ELDERLY NO SHARP PIN VET VETERINARY,Colour=Red,,"1","FIXED_PRICE","GBP",8.99,,,,"0",,,"Nov-26-24 05:24:04 PST","Jul-26-26 05:24:04 PDT","Pocket Watches","3937","","","New without box or papers",,,,,"","UK","","",""
"395954694931",GENUINE DAF 1402858 STRAIGHT COUPLING LINK,,,"1","FIXED_PRICE","GBP",12.5,,,12.5,"0","","","Nov-30-24 02:32:18 PST","Jul-30-26 02:32:18 PDT","Other Lorry/Truck Parts","184670","","","New","","","","","","UK","","",""
"395954700328",DAF 1402391 HOSE,,,"1","FIXED_PRICE","GBP",15.0,,,15.0,"0","","","Nov-30-24 02:39:32 PST","Jul-30-26 02:39:32 PDT","Hoses, Lines & Pipes","173950","","","New","","","","","","UK","","",""
"395954714283","Winnard WL029 WEAR LEADS OEM EQUIVALENT: 0906695, 659742-4, 659742/4, 906695",,,"1","FIXED_PRICE","GBP",23.0,,,23.0,"0","","","Nov-30-24 02:54:21 PST","Jul-30-26 02:54:21 PDT","Brake Pad Wear Sensors","174020","","","New","","","","","","UK","","",""
"395954831748","WINNARD WA233 FITTING KITS OEM EQUIV: 	8124735, 93161757 IVECO, FORD, NISSAN",,,"1","FIXED_PRICE","GBP",12.5,,,12.5,"0","","","Nov-30-24 03:33:53 PST","Jul-30-26 03:33:53 PDT","Other Lorry/Truck Parts","184670","","","New","","","","","","UK","","5055677304680",""
"395954851307",GEARBOX BALL JOINT 0031628799 190422,,,"1","FIXED_PRICE","GBP",12.9,,,12.9,"0","","","Nov-30-24 03:51:15 PST","Jul-30-26 03:51:15 PDT","Ball Joints","184895","","","New other (see details)","","","","","","UK","","",""
"395954857879",ANTI ROLL BAR BUSH REAR UPPER DFSB0068 Fits Daf CF / LF (EQUIVALANT: DAF 140258),,,"1","FIXED_PRICE","GBP",11.49,,,11.49,"0","","","Nov-30-24 03:57:58 PST","Jul-30-26 03:57:58 PDT","Other Car Parts & Accessories","9886","","","New","","","","","","UK","","",""
"395958392567",DAF FBU9295 HEXAGON HEXAGONAL SCREW,,,"1","FIXED_PRICE","GBP",9.79,,,9.79,"0","","","Dec-01-24 04:43:06 PST","Aug-01-26 04:43:06 PDT","Other Lorry/Truck Parts","184670","","","New","","","","","","UK","","",""
"395961053576",Mahle LA307 Car Cabin Filter Fits MERCEDES-BENZ SPRINTER 06 - VW GRAFTER 04 ON,,,"1","FIXED_PRICE","GBP",9.99,,,9.99,"0","","","Dec-02-24 03:29:14 PST","Aug-02-26 03:29:14 PDT","Pollen Filters","61117","","","New other (see details)","","","","","249413202","UK","","",""
"396007107660",Dolmar 309 Disc Saw Cutter Stone Metal Concrete Disk Circular Cut Off,,,"1","FIXED_PRICE","GBP",145.0,,,145.0,"0","9","0","Dec-13-24 14:09:32 PST","Aug-13-26 14:09:32 PDT","Saws","42296","","","Used","","","","","","UK","","",""
"396011313630",Eureka E36 Industrial Commercial Scrubber / Drier Cleaner Floor Cleaner Polisher,,,"1","FIXED_PRICE","GBP",490.0,,,490.0,"0","6","0","Dec-14-24 14:40:42 PST","Aug-14-26 14:40:42 PDT","Corded Scrubbers & Buffers","46535","","","Used","","","","","","UK","","",""
"396011331602",CV RELEASE BEARING NHD3633 DAF MERCEDEZ,,,"1","FIXED_PRICE","GBP",99.99,,,99.99,"0","","","Dec-14-24 14:58:56 PST","Aug-14-26 14:58:56 PDT","Other Lorry/Truck Parts","184670","","","New other (see details)","","","","","","UK","","",""
"396022979575",WARMTHRU GLOVE GLOVES OUTER MOTORBIKE BIKE SKIING ETC,,,"2","FIXED_PRICE","GBP",12.99,,,12.99,"0","","","Dec-17-24 12:34:24 PST","Aug-17-26 12:34:24 PDT","Gloves","177116","","","New with tags","","","","","","UK","","",""
"396023343113",GPS / GPRS / GSM TRACKER KIDS CHILD DEMENTIA CARS PETS VOICE surveillance,,,"1","FIXED_PRICE","GBP",24.99,,,24.99,"0","1","0","Dec-17-24 15:08:03 PST","Aug-17-26 15:08:03 PDT","Car Tracking Systems","173713","","","New other (see details)","","","","","","UK","","",""
"396100147542","BRIGADE BACKEYE BE-870LM 7"" MONITOR",,,"1","FIXED_PRICE","GBP",100.0,,,100.0,"0","6","0","Jan-07-25 01:40:56 PST","Aug-07-26 01:40:56 PDT","Parking Cameras","174593","","","Used","","","","","","UK","","",""
"396171749983",EASI FLO LINE MARKER X2 BACK WHEELS,,,"1","FIXED_PRICE","GBP",24.99,,,24.99,"0","","","Feb-03-25 12:35:49 PST","Aug-03-26 12:35:49 PDT","Other Home Plumbing & Fixtures","3191","","","Used","","","","","","UK","","",""
"396179304889",VOLKSWAGEN VW CADDY TRANSPORTER TOURAN RADIO STEREO 7E0035156A With HOUSING,,,"1","FIXED_PRICE","GBP",27.0,,,27.0,"0","0","","Feb-05-25 23:19:24 PST","Aug-05-26 23:19:24 PDT","Car Stereos & Head Units","174119","","","Used","","","","","","UK","","",""
"396206121719",BLOOMFIELD COMMERCIAL COFFEE SATELLITE MACHINE HIGH VOL BREWER SATELLITE SERVERS,,,"1","FIXED_PRICE","GBP",210.0,,,210.0,"0","0","","Feb-12-25 23:00:03 PST","Aug-12-26 23:00:03 PDT","Pod & Capsule Coffee Machines","156775","","","Used","","","","","","UK","","",""
"396214193180",HP DesignJet 500 (42-inch) Large Format Inkjet Printer Roll Used C7770F  AO,,,"1","FIXED_PRICE","GBP",399.99,,,399.99,"0","19","0","Feb-15-25 11:18:26 PST","Aug-15-26 11:18:26 PDT","Printers","1245","","","Used","","","","","92343256","UK","","0725184439704",""
"396250012985",HYDROSCAND KAPPAFLEX 2K CO 13MM 5000PSI 34.5MPa  -50 to 100 Degrees C Hose Tube,,,"4","FIXED_PRICE","GBP",25.0,,,25.0,"1","1","0","Feb-26-25 09:10:47 PST","Jul-26-26 09:10:47 PDT","Other Hydraulics & Pneumatics","48718","","","New other (see details)","","","","","","UK","","",""
"396261799873",LANCER ICE COOLED DROP IN DRINKS DISPENSER MODEL: 2306 6 VALVE,,,"1","FIXED_PRICE","GBP",150.0,,,150.0,"0","1","","Mar-01-25 06:38:39 PST","Aug-01-26 06:38:39 PDT","Other Restaurant & Food Service","1271","","","For parts or not working","","","","","","UK","","",""
"396262003505",Pramac P6000 diesel 6Kva Generator 240 / 110 Dual Voltage Spares & Repairs,,,"1","FIXED_PRICE","GBP",400.0,,,400.0,"0","89","0","Mar-01-25 07:44:42 PST","Aug-01-26 07:44:42 PDT","Generators","46412","","","For parts or not working","","","","","","UK","","",""
"396344109911",529T DEI Window Roll-Up Down Module Car Alarm Viper Clifford Python,,,"2","FIXED_PRICE","GBP",39.99,,,39.99,"2","12","0","Mar-21-25 07:07:59 PDT","Aug-21-26 06:07:59 PDT","Window Motors & Regulators","33706","","","New","","","","","","UK","","",""
"396344252029",LUCAS 164SA SWITCH AMP653 WINDSREEN WINDSHIELD WIPER STALK DAF,,,"0","FIXED_PRICE","GBP",95.0,,,95.0,"1","1","0","Mar-21-25 08:01:19 PDT","Aug-21-26 07:01:19 PDT","Other Lorry/Truck Parts","184670","","","New other (see details)","","","","","","UK","","",""
"396380384543","Circular Saw  - WORX WX150CSL 185 mm/1500W, 240V, Laser.",,,"1","FIXED_PRICE","GBP",27.0,,,27.0,"0","8","0","Mar-30-25 04:05:25 PDT","Jul-30-26 04:05:25 PDT","Circular Saws","71307","","","Used","","","","","","UK","","",""
"396398027228",GENUINE DAF 1704114 STRAIGHT COUPLING,,,"1","FIXED_PRICE","GBP",19.99,,,19.99,"0","","","Apr-03-25 08:24:12 PDT","Aug-03-26 08:24:12 PDT","Other Lorry/Truck Parts","184670","","","New","","","","","","UK","","",""
"396402057674",FRAUENTHAL AUTOMTIVE TYPE A BRD177 BUBBLE TANK 0.2L,,,"1","FIXED_PRICE","GBP",110.0,,,110.0,"0","","","Apr-04-25 09:03:11 PDT","Aug-04-26 09:03:11 PDT","Other Car Parts & Accessories","9886","","","New other (see details)","","","","","","UK","","",""
"396424355766",HILTI VC 40-UM 110v 40L 'M CLASS' WET & DRY UNIVERSAL VACUUM / DUST EXTRACTOR,,,"1","FIXED_PRICE","GBP",130.0,,,130.0,"1","6","0","Apr-08-25 07:37:36 PDT","Aug-08-26 07:37:36 PDT","Dust Extractors","116670","","","Used","","","","","","UK","","",""
"396428884817",Alpine Car Navi NVE-N055PV Car Navigation System CD Bentley Arnage,,,"1","FIXED_PRICE","GBP",45.0,,,45.0,"0","1","0","Apr-09-25 06:02:02 PDT","Aug-09-26 06:02:02 PDT","Built-in Sat Nav","38776","","","Used","","","","","","UK","","",""
"396428888529",BLACK & DECKER GL4525 STRIMMER ELECTRIC 450W 7300 /MIN,,,"1","FIXED_PRICE","GBP",20.0,,,20.0,"0","0","0","Apr-09-25 06:02:41 PDT","Aug-09-26 06:02:41 PDT","Strimmer Parts","71278","","","Used","","","","","","UK","","",""
"396436834303",HUSQVARNA NARDI EXTREME 3T VACCUM PUMP VP200 110V,,,"1","FIXED_PRICE","GBP",199.0,,,199.0,"0","5","0","Apr-10-25 04:30:49 PDT","Aug-10-26 04:30:49 PDT","Other Hand Tools","303","","","Used","","","","","","UK","","",""
"396483489739",TASKMASTER MOBILE FUEL RETRIEVER RETRIEVAL PUMP,,,"1","FIXED_PRICE","GBP",129.99,,,129.99,"0","","","Apr-16-25 12:20:47 PDT","Aug-16-26 12:20:47 PDT","Fluid Extractor Pumps","179508","","","Used","","","","","","UK","","",""
"396489493861",TELLARINI ECC 12/20 SELF PRIMING LIQUID TRANSFER PUMP 23L/MIN 12V DC POWER,,,"1","FIXED_PRICE","GBP",149.99,,,149.99,"0","1","0","Apr-17-25 10:18:56 PDT","Aug-17-26 10:18:56 PDT","Coolant Pumps","184070","","","Used","","","","","","UK","","",""
"396492963873",NCR ELECTRONIC CASH DRAWER WITH POS CONNECTION Model: 2167-3000-9090 SMALL EPOS,,,"2","FIXED_PRICE","GBP",17.0,,,17.0,"0","2","0","Apr-18-25 00:17:02 PDT","Aug-18-26 00:17:02 PDT","Cash Registers & Supplies","11891","","","Used","","","","","","UK","","",""
"396493903098",FELCO ROTOLIFT 3T  TON TONNE BLOCK TACKLE CHAIN PULLEY 5.7M CHAIN MANUAL 3000KG,,,"1","FIXED_PRICE","GBP",140.0,,,140.0,"0","2","0","Apr-18-25 03:15:20 PDT","Aug-18-26 03:15:20 PDT","Other Cranes & Hoists","184199","","","Used","","","","","","UK","","",""
"396502217165","COMPENENT MODEL: 551T VALET START SYSTEM FOR AUTOMATIC, FUEL INJECTED PETROL",,,"1","FIXED_PRICE","GBP",55.0,,,55.0,"0","","","Apr-19-25 04:51:45 PDT","Aug-19-26 04:51:45 PDT","Other Interior Parts & Accessories","9887","","","New other (see details)","","","","","","UK","","",""
"396502484014",LEITZ 3 USB PORTS POWER CHARGER FOR ALL MOBILE DEVICES UNIVERSAL,,,"1","FIXED_PRICE","GBP",14.99,,,14.99,"0","","","Apr-19-25 05:45:00 PDT","Aug-19-26 05:45:00 PDT","Chargers & Docks","123417","","","New","","","","","","UK","","",""
"396521784637",GARDENA SEED FERTILISER SALT GRIT SPREADER GARDEN LAWN,,,"1","FIXED_PRICE","GBP",39.99,,,39.99,"0","4","0","Apr-23-25 01:49:27 PDT","Aug-23-26 01:49:27 PDT","Seeders & Spreaders","118869","","","Used","","","","","","UK","","",""
"396530011257",ELARA 160 DELTA PLUS FALL ARREST HARNESS SET 2M 12MM SIZE S / M / L,,,"1","FIXED_PRICE","GBP",24.99,,,24.99,"0","0","","Apr-24-25 22:51:01 PDT","Aug-24-26 22:51:01 PDT","Other Personal Protective Equipment","11900","","","Used","","","","","","UK","","3295249181406",""
"396551235277",HILTI RECIPROCATING SAW 110V WSR900PE WITH CASE,,,"1","FIXED_PRICE","GBP",40.0,,,40.0,"0","1","","Apr-29-25 23:33:56 PDT","Jul-29-26 23:33:56 PDT","Reciprocating Saws","20788","","","Used","","","","","","UK","","",""
"396551942052",RADIODECTION RD433HCTX-2 HIGH POWER MULTI FREQUENCY TRANSMITTER UTILITY SURVEYS,,,"1","FIXED_PRICE","GBP",220.0,,,220.0,"0","","","Apr-30-25 04:50:11 PDT","Jul-30-26 04:50:11 PDT","Cable & Pipe Locators","181975","","","Used","","","","","","UK","","",""
"396563642171",PROBST 400KG VACUUM LIFT STONE MAGNET BARE UNIT NO BATTERY OR PLATE,,,"1","FIXED_PRICE","GBP",199.0,,,199.0,"0","3","0","May-03-25 00:27:16 PDT","Aug-03-26 00:27:16 PDT","Engineering Tools","121893","","","Used","","","","","","UK","","",""
"396568185219",FPM FG-L100 Precision Optical Zenith Plummet Plumb 100m +1mm Vertical Alignment,,,"1","FIXED_PRICE","GBP",1600.0,,,1600.0,"0","8","0","May-04-25 10:00:42 PDT","Aug-04-26 10:00:42 PDT","Other Surveying Equipment","26204","","","Used","","","","","","UK","","",""
"396570117832",Leica Wild Heerbrugg NA24 Level Instrument Survey Surveying,,,"1","FIXED_PRICE","GBP",85.0,,,85.0,"0","3","0","May-04-25 22:56:01 PDT","Aug-04-26 22:56:01 PDT","Other Surveying Equipment","26204","","","Used","","","","","","UK","","",""
"396570477106",NUMATIC INDUSTRIAL WET & DRY VACUUM VAC 110V WV570,,,"2","FIXED_PRICE","GBP",140.0,,,140.0,"0","6","0","May-05-25 01:29:17 PDT","Aug-05-26 01:29:17 PDT","Canister & Wet/Dry Vacuums","66961","","","Used","","","","","","UK","","",""
"396570601261",Mobile Bain Marie & Salad Well Servery – Hot/Cold Unit 240V Catering Trolley,,,"1","FIXED_PRICE","GBP",249.99,,,249.99,"0","3","0","May-05-25 02:07:31 PDT","Aug-05-26 02:07:31 PDT","Other Storage & Handling Equipment","57104","","","Used","","","","","","UK","","",""
"396578098112","Xerox Phaser 6360, Genuine Fuser Kit Assy - 220V, 115R00056",,,"4","FIXED_PRICE","GBP",39.99,,,39.99,"2","0","","May-06-25 22:31:49 PDT","Aug-06-26 22:31:49 PDT","Fusers","175686","","","Opened – never used","","","","","","UK","","0095205428285",""
"396578457704",NUMATIC NVDQ900-2 COMMERCIAL POWERFUL  VAC VACUUM HEAVY DUTY INDUSTRIAL 40L,,,"1","FIXED_PRICE","GBP",149.99,,,149.99,"0","3","0","May-07-25 01:29:35 PDT","Aug-07-26 01:29:35 PDT","Canister & Wet/Dry Vacuums","66961","","","Used","","","","","","UK","","",""
"396578529959","Xerox Phaser 6700 Genuine Maintenance Kit, Transfer Belt Assembly, 604K73140",,,"2","FIXED_PRICE","GBP",69.99,,,69.99,"0","","","May-07-25 01:58:55 PDT","Aug-07-26 01:58:55 PDT","Ink Cartridges","16191","","","Opened – never used","","","","","","UK","","095205962529",""
"396603562993",CRS-953 VEHICLE ALARM SECURITY SYSTEM,,,"3","FIXED_PRICE","GBP",29.99,,,29.99,"0","1","0","May-12-25 23:04:15 PDT","Aug-12-26 23:04:15 PDT","Other Car Parts & Accessories","9886","","","New other (see details)","","","","","","UK","","",""
"396603666823",Genevac HT-12 Rotary Centrifugal Evaporator | VC3000D Condenser | Sample Guard,,,"1","FIXED_PRICE","GBP",2500.0,,,2500.0,"0","","","May-12-25 23:47:12 PDT","Aug-12-26 23:47:12 PDT","Other Medical & Lab Equipment","185256","","","Used","","","","","","UK","","",""
"396608095505","Xerox Imaging Unit (50,000 pages)Phaser 6700 Black, Yellow, Cyan or Magenta",Colour=Black;Cyan;Magenta;Yellow,,"17","FIXED_PRICE","GBP",14.99,,,14.99,"3","2","0","May-14-25 02:46:50 PDT","Aug-14-26 02:46:50 PDT","Toner Cartridges","16204","","","Opened – never used","","","","","","UK","","",""
"396608095505","Xerox Imaging Unit (50,000 pages)Phaser 6700 Black, Yellow, Cyan or Magenta",Colour=Black,,"4","FIXED_PRICE","GBP",14.99,,,,"1",,,"May-14-25 02:46:50 PDT","Aug-14-26 02:46:50 PDT","Toner Cartridges","16204","","","Opened – never used",,,,,"","UK","","",""
"396608095505","Xerox Imaging Unit (50,000 pages)Phaser 6700 Black, Yellow, Cyan or Magenta",Colour=Cyan,,"5","FIXED_PRICE","GBP",14.99,,,,"0",,,"May-14-25 02:46:50 PDT","Aug-14-26 02:46:50 PDT","Toner Cartridges","16204","","","Opened – never used",,,,,"","UK","","",""
"396608095505","Xerox Imaging Unit (50,000 pages)Phaser 6700 Black, Yellow, Cyan or Magenta",Colour=Magenta,,"5","FIXED_PRICE","GBP",14.99,,,,"0",,,"May-14-25 02:46:50 PDT","Aug-14-26 02:46:50 PDT","Toner Cartridges","16204","","","Opened – never used",,,,,"","UK","","",""
"396608095505","Xerox Imaging Unit (50,000 pages)Phaser 6700 Black, Yellow, Cyan or Magenta",Colour=Yellow,,"3","FIXED_PRICE","GBP",14.99,,,,"2",,,"May-14-25 02:46:50 PDT","Aug-14-26 02:46:50 PDT","Toner Cartridges","16204","","","Opened – never used",,,,,"","UK","","",""
"396611686864",NITCHI 3.2 TON 3200KG CHAIN HOIST BLOCK & TACKLE 3M LIFT (7M CHAIN),,,"1","FIXED_PRICE","GBP",100.0,,,100.0,"0","0","","May-14-25 23:13:01 PDT","Aug-14-26 23:13:01 PDT","Hand Winches","184201","","","Used","","","","","","UK","","",""
"396616963322",STI Comby 3000 Commercial Steam Cleaner Vacuum Dryer 6 Bar 230V Body Only,,,"1","FIXED_PRICE","GBP",249.99,,,249.99,"0","34","0","May-16-25 08:52:57 PDT","Aug-16-26 08:52:57 PDT","Wheeled Steam Cleaners","184310","","","Used","","","","","","UK","","",""
"396617275468",Foster XR2H Xtra Refrigerated Prep Counter  Cupboard (+2°/+8°C) Used,,,"1","FIXED_PRICE","GBP",199.99,,,199.99,"0","3","0","May-16-25 11:19:18 PDT","Aug-16-26 11:19:18 PDT","Reach-In Refrigerators & Freezers","258662","","","Used","","","","","","UK","","doesnotapply",""
"396619067271",BOPA Nylon Film Roll 25um 400m Biaxially Polyamide Industrial Catering Packaging,,,"4","FIXED_PRICE","GBP",80.0,,,80.0,"0","","","May-16-25 23:35:26 PDT","Aug-16-26 23:35:26 PDT","Other Commercial Kitchen Equipment","92301","","","New other (see details)","","","","","","UK","","",""
"396631709677",Fistreem AquaRec UV Water Recirculation System WDA300 RW 1.5 | Lab Water Cooling,,,"1","FIXED_PRICE","GBP",450.0,,,450.0,"0","","","May-20-25 04:03:44 PDT","Aug-20-26 04:03:44 PDT","Other Medical & Lab Equipment","185256","","","Used","","","","","","UK","","Does not apply",""
"396631819659",ELECTRIC HOIST 3 PHASE 0.5 / 1.1kw DUAL  MOTOR WINCH  500Kg,,,"1","FIXED_PRICE","GBP",200.0,,,200.0,"0","1","0","May-20-25 04:55:01 PDT","Aug-20-26 04:55:01 PDT","General Purpose Motors","181732","","","Used","","","","","","UK","","",""
"396648101058",GMV O.F.F. Oscillatory Fractional Field Machine | Non-Surgical Lipolysis Plexr,,,"1","FIXED_PRICE","GBP",1500.0,,,1500.0,"0","1","0","May-24-25 02:19:07 PDT","Aug-24-26 02:19:07 PDT","Other Medical, Lab & Dental Supplies","257874","","","Used","","","","","","UK","","",""
"396655769501",CALOREX PORTABLE EVAPORATIVE  AIR HUMIDIFIER 240V CLIMATE CONTROL INDUSTRIAL,,,"1","FIXED_PRICE","GBP",80.0,,,80.0,"0","2","0","May-25-25 23:22:58 PDT","Jul-25-26 23:22:58 PDT","Central Air Conditioners","185108","","","Used","","","","","","UK","","",""
"396661104079",WHITE OVAL SOLID SURFACE SINK WASH BASIN OUTER 60CM X 57CM,,,"9","FIXED_PRICE","GBP",29.99,,,29.99,"1","5","0","May-27-25 07:25:43 PDT","Jul-27-26 07:25:43 PDT","Bathroom Sinks","71283","","","Used","","","","","","UK","","",""
"396661687501","4 in 1 COMPASS, STORAGE, WHISTLE, MIRROR PARTY FAVOUR, GIFTS JOB LOT X 23",,,"1","FIXED_PRICE","GBP",35.0,,,35.0,"0","","","May-27-25 11:23:04 PDT","Jul-27-26 11:23:04 PDT","Other Outdoor Survival Equipment","181415","","","New other (see details)","","","","","","UK","","",""
"396749884885",GLASS TOP COFFEE TABLE 40CM X 40CM,,,"1","FIXED_PRICE","GBP",25.0,,,25.0,"0","","","Jun-15-25 20:02:50 PDT","Aug-15-26 20:02:50 PDT","Tables","38204","","","Used","","","","","","UK","","",""
"396750869659",CALOREX PD150 DUAL VOLTAGE 110/240 DEHUMIDIFIER INDUSTRIAL CONSTRUCTION 23L,,,"1","FIXED_PRICE","GBP",199.99,,,199.99,"0","1","","Jun-16-25 02:18:54 PDT","Aug-16-26 02:18:54 PDT","Other Industrial Tools","633","","","Used","","","","","","UK","","",""
"396750896218",Dual Voltage Stephill NAC518A 2kva Generator Tough Robin EY20D Engine 240/110V,,,"1","FIXED_PRICE","GBP",220.0,,,220.0,"0","5","0","Jun-16-25 02:34:10 PDT","Aug-16-26 02:34:10 PDT","Generators","46412","","","Used","","","","","","UK","","",""
"396778290818",Genuine Ford Transit MK 7 Front Bumper Bracket 1763225 Left,,,"1","FIXED_PRICE","GBP",18.99,,,18.99,"0","0","0","Jun-23-25 03:56:10 PDT","Aug-23-26 03:56:10 PDT","Bumpers & Reinforcements","33640","","","New","","","","","","UK","","DoesNotApply",""
"396785248516",BILLY GOAT KD50 PETROL LEAF & LITTER VACUUM NO BAG,,,"1","FIXED_PRICE","GBP",100.0,,,100.0,"0","20","0","Jun-24-25 22:50:02 PDT","Aug-24-26 22:50:02 PDT","Leaf Blowers & Vacuums","71273","","","Used","","","","","","UK","","",""
"396785781155",TASKI SWINGO 350 COMPACT SCRUBBER DRIER HARD TO REACH AREAS CORDED ELECTRIC 240V,,,"1","FIXED_PRICE","GBP",150.0,,,150.0,"0","10","0","Jun-25-25 02:12:02 PDT","Aug-25-26 02:12:02 PDT","Corded Scrubbers & Buffers","46535","","","Used","","","","","","UK","","",""
"396824075555",TRIPOD WITH SPIRIT LEVEL FOR SURVEYING EQUIPMENT / LIGHTS ETC,,,"2","FIXED_PRICE","GBP",25.0,,,25.0,"0","0","","Jul-04-25 22:13:53 PDT","Aug-04-26 22:13:53 PDT","Laser Measuring Tools","126396","","","Used","","","","","","UK","","",""
"396836327580",Bosch Drilling Pilot Centring Aid For Diamond Wet Drill Bits & Holes 2608190048,,,"2","FIXED_PRICE","GBP",14.99,,,14.99,"0","2","","Jul-08-25 02:59:59 PDT","Aug-08-26 02:59:59 PDT","Other DIY Tools & Workshop Equipment","11704","","","Used","","","","","","UK","","",""
"396836349881",Motorola MT2100 Radio Transceiver Walkie Talkie Bare Unit Used As Pictured,,,"10","FIXED_PRICE","GBP",15.0,,,15.0,"10","7","0","Jul-08-25 03:10:56 PDT","Aug-08-26 03:10:56 PDT","Other Public Safety Equipment","36347","","","Used","","","","","","UK","","",""
"396839710259",MOTOROLA RADIUS GP900 RADIO TWO WAY BARE UNIT NO BATTERY,,,"3","FIXED_PRICE","GBP",18.99,,,18.99,"3","2","0","Jul-08-25 23:15:16 PDT","Aug-08-26 23:15:16 PDT","Walkie Talkies & PMR446 Radios","20381","","","Used","","","","","","UK","","",""
"396839722524",MOTOROLA RADIUS GP900 TWO WAY RADIO BARE UNIT,,,"8","FIXED_PRICE","GBP",15.99,,,15.99,"12","5","0","Jul-08-25 23:19:24 PDT","Aug-08-26 23:19:24 PDT","Walkie Talkies & PMR446 Radios","20381","","","Used","","","","","","UK","","",""
"396847683921",Genuine Mercedes Benz Atego Axor Double Cab Left Lock A9737200735 With Keys,,,"1","FIXED_PRICE","GBP",55.0,,,55.0,"0","","","Jul-11-25 01:08:31 PDT","Aug-11-26 01:08:31 PDT","Exterior Locks & Lock Hardware","33648","","","New other (see details)","","","","","","UK","","",""
"396850871867",UNIVERSAL DFBODY410 RIGHT BUMPER CORNER END CAP,,,"1","FIXED_PRICE","GBP",15.0,,,15.0,"0","","","Jul-11-25 22:24:26 PDT","Aug-11-26 22:24:26 PDT","Bumpers & Reinforcements","33640","","","New other (see details)","","","","","","UK","","",""
"396850891915",INA 534030810 V BELT TENSIONER LEVER FIAT FORD PEUGEOT,,,"1","FIXED_PRICE","GBP",32.0,,,32.0,"0","","","Jul-11-25 22:37:01 PDT","Aug-11-26 22:37:01 PDT","Timing Belts","262134","","","New other (see details)","","","","","","UK","","4005108617651",""
"396871012918",DEWALT D21805-LX PERCUSSION DRILL 110v HAMMER DRILL 770W 13 mm WITH CASE,,,"1","FIXED_PRICE","GBP",38.0,,,38.0,"0","1","0","Jul-17-25 09:38:43 PDT","Aug-17-26 09:38:43 PDT","Corded Drills","184654","","","Used","","","","","","UK","","",""
"396871016199",DEWALT D21805-LX PERCUSSION DRILL 110V HAMMER DRILL 770W 13 mm WITH CASE,,,"1","FIXED_PRICE","GBP",38.0,,,38.0,"0","","","Jul-17-25 09:41:16 PDT","Aug-17-26 09:41:16 PDT","Corded Drills","20776","","","Used","","","","","","UK","","",""
"396871032527",FPHT450 450W CORDED ELECTRIC HEDGE TRIMMER LIGHT SMALL,,,"1","FIXED_PRICE","GBP",23.0,,,23.0,"0","13","0","Jul-17-25 09:50:22 PDT","Aug-17-26 09:50:22 PDT","Hedge Trimmers","71268","","","Used","","","","","","UK","","",""
"396893453206",CUTLASS DRAWN ARC STUD FASTENER WELDER  COBRA 3 PHASE UP TO 1/2 INCH 3mm TO 13mm,,,"1","FIXED_PRICE","GBP",299.99,,,299.99,"0","0","0","Jul-23-25 01:37:35 PDT","Aug-23-26 01:37:35 PDT","MIG Welders","124822","","","Used","","","","","","UK","","",""
"396895111268",Vintage Black & Decker BD538SE Scrolling Jigsaw Variable Speed 350W Working,,,"1","FIXED_PRICE","GBP",13.99,,,13.99,"0","1","0","Jul-23-25 13:28:59 PDT","Aug-23-26 13:28:59 PDT","Jig Saws","122834","","","Used","","","","","","UK","","",""
"396897632340",SUPATOOL DR400 DRILL 10MM CHUCK,,,"1","FIXED_PRICE","GBP",19.99,,,19.99,"0","","","Jul-24-25 09:25:14 PDT","Aug-24-26 09:25:14 PDT","Other DIY Tools & Workshop Equipment","11704","","","Used","","","","","","UK","","",""
"396898050083",AZKOYEN PALMA B6 CAN BOTTLE COLD VENDING MACHINE 507 CANS 216 BOTTLES,,,"1","FIXED_PRICE","GBP",200.0,,,200.0,"1","70","0","Jul-24-25 13:46:02 PDT","Aug-24-26 13:46:02 PDT","Candy & Bulk Vending Machines","50939","","","For parts or not working","","","","","","UK","","",""
"396899273433",DANDY EARLY 80'S VINTAGE TRAILER TENT PROJECT,,,"1","FIXED_PRICE","GBP",450.0,,,450.0,"0","52","0","Jul-24-25 23:33:57 PDT","Aug-24-26 23:33:57 PDT","Other Tents & Canopies","179019","","","Used","","","","","","UK","","",""
"396902471604",BLACK & DECKER DN31 ELECTRIC JIGSAW 350W,,,"1","FIXED_PRICE","GBP",14.99,,,14.99,"0","0","","Jul-26-25 01:41:01 PDT","Jul-26-26 01:41:01 PDT","Jig Saws","122834","","","Used","","","","","","UK","","",""
"396911374310",MERCEDES-BENZ SPRINTER (06.06-) HAZARD WARNING SWITCH A9068700910 A9068700110,,,"1","FIXED_PRICE","GBP",24.0,,,24.0,"0","","","Jul-29-25 10:07:43 PDT","Jul-29-26 10:07:43 PDT","Switches & Controls","50459","","","Used","","","","","","UK","","",""
"396920298229",Honeywell CO60PM Big Evaporative Air Cooler 60L Tank For Gyms Pubs Shops Garages,,,"0","FIXED_PRICE","GBP",149.99,,,149.99,"10","39","0","Aug-01-25 07:57:46 PDT","Aug-01-26 07:57:46 PDT","Portable Evaporative Coolers","260443","","","Used","","","","","","UK","","",""
"396920370909",MACALLISTER TAKE OFF WET & DRY VACUUM 240V CODWDTOV 20L LIGHT PORTABLE WITH HOSE,,,"1","FIXED_PRICE","GBP",55.0,,,55.0,"0","0","","Aug-01-25 08:31:20 PDT","Aug-01-26 08:31:20 PDT","Wet & Dry Vacuum Cleaners","184337","","","Used","","","","","","UK","","",""
"396924435610",3 x Cracked Toshiba LCD Display Screens From Epos ST-A20 or ST-A10,,,"1","FIXED_PRICE","GBP",30.0,,,30.0,"0","","","Aug-02-25 13:48:06 PDT","Aug-02-26 13:48:06 PDT","Laptop Screens & LCD Panels","31569","","","For parts or not working","","","","","","UK","","",""
"396926365373",DEWALT DW872L XW 110V CHOP SAW CUT OFF,,,"1","FIXED_PRICE","GBP",134.99,,,134.99,"0","2","0","Aug-03-25 05:14:33 PDT","Aug-03-26 05:14:33 PDT","Corded Drills","184654","","","Used","","","","","","UK","","",""
"396950348444",50L LITRE EVAPORATIVE AIR COOLER FOR LARGE SPACES WAREHOUSES GYM 40 SQUARE METRE,,,"0","FIXED_PRICE","GBP",140.0,,,140.0,"0","19","0","Aug-10-25 22:17:12 PDT","Aug-10-26 22:17:12 PDT","Portable Evaporative Coolers","260443","","","Used","","","","","","UK","","",""
"396950360929",COOLVIZ PIPPACOTT WOMENS XXL HIGH VIZ POLO SHIRT ORANGE EXTRA LARGE REFLECTIVE,,,"2","FIXED_PRICE","GBP",12.5,,,12.5,"0","","","Aug-10-25 22:24:54 PDT","Aug-10-26 22:24:54 PDT","Protective Jackets","183885","","","New with tags","","","","","","UK","","",""
"396957916469",Tork Matic® Automatic Hand Towel Roll Dispenser Black H1 551108 Intuition Sensor,,,"1","FIXED_PRICE","GBP",99.99,,,99.99,"0","","","Aug-13-25 07:46:47 PDT","Aug-13-26 07:46:47 PDT","Paper Towel Dispensers","159695","","","New other (see details)","","","","","","UK","","7322540348996",""
"396991271992",ASTRAD BELLE PNEUMATIC CONCRETE ROLLER  STRIKER DRIVE UNIT,,,"2","FIXED_PRICE","GBP",199.99,,,199.99,"0","3","0","Aug-24-25 13:53:58 PDT","Aug-24-26 13:53:58 PDT","Other Industrial Tools","633","","","Used","","","","","","UK","","",""
"396992461777",HIRETECH HT8 DRUM FLOOR SANDER SPARES REPAIRS Shipping Available,,,"1","FIXED_PRICE","GBP",154.99,,,154.99,"0","8","0","Aug-24-25 22:18:02 PDT","Aug-24-26 22:18:02 PDT","Sanders","20782","","","For parts or not working","","","","","","UK","","",""
"396992800791",PIKE ROBOSIGN TRAFFIC STOP / GO  BASE UNIT TWO AVAILABLE NO BATTERY,,,"2","FIXED_PRICE","GBP",100.0,,,100.0,"0","1","","Aug-25-25 01:56:51 PDT","Aug-25-26 01:56:51 PDT","Other Construction Tools","64810","","","Used","","","","","","UK","","",""
"396995406793","DELL OPTIPLEX 7020 D07S 4.0 GB RAM, i3-4160, 118GB SSD, WINDOWS 11 PRO",,,"1","FIXED_PRICE","GBP",50.0,,,50.0,"0","","","Aug-25-25 22:40:08 PDT","Jul-25-26 22:40:08 PDT","PC Desktops & All-in-Ones","179","","","Used","","","","","","UK","","",""
"396995425236","STONE DESKTOP PC COMPUTER INTEL (R) CORE i5 4460, 3.20GhZ, 4GB, (NO HDD/SDD)",,,"1","FIXED_PRICE","GBP",45.0,,,45.0,"0","1","","Aug-25-25 22:54:05 PDT","Jul-25-26 22:54:05 PDT","PC Desktops & All-in-Ones","179","","","Used","","","","","","UK","","",""
"397002785110",SALTER SIM-30KG PACKING PARCEL SCALES ( 30kg x 10g 15kg x 5g resolution),,,"1","FIXED_PRICE","GBP",32.99,,,32.99,"0","1","0","Aug-28-25 09:12:09 PDT","Jul-28-26 09:12:09 PDT","Kitchen Scales","50419","","","Used","","","","","","UK","","",""
"397007992290",TWIN FLOOD LIGHT INSPECTION FRAME PORTABLE LIGHTING RIG,,,"1","FIXED_PRICE","GBP",100.0,,,100.0,"0","","","Aug-30-25 02:26:14 PDT","Jul-30-26 02:26:14 PDT","Torches & Work Lights","126393","","","Used","","","","","","UK","","",""
"397027243446",i LUMOS WIFI REMOTE DIMMER SENSOR SWITCH BLACK 1 GANG 2 WAY,,,"2","FIXED_PRICE","GBP",14.99,,,14.99,"0","2","0","Sep-05-25 04:24:43 PDT","Aug-05-26 04:24:43 PDT","Lighting Parts","20705","","","New other (see details)","","","","","","UK","","",""
"397029879167",Makita Cordless Drill Screwdriver 12V 2-Speed Reversible 6271D Body Only,,,"1","FIXED_PRICE","GBP",22.0,,,22.0,"1","7","0","Sep-06-25 00:20:22 PDT","Aug-06-26 00:20:22 PDT","Cordless Drills","184655","","","Used","","","","","","UK","","",""
"397031521024",PORTABLE STEP DOWN POWER TRANSFORMER 230V TO 110V 3.3kva  (2 SOCKETS - 16A) NEW,,,"1","FIXED_PRICE","GBP",59.99,,,59.99,"0","4","0","Sep-06-25 13:53:47 PDT","Aug-06-26 13:53:47 PDT","Power Transformers","260831","","","New","","","","","","UK","","",""
"397039669064",STEP DOWN POWER TRANSFORMER 230V TO 110V ( 2 SOCKETS 15A 3-PIN USA) MARINE BOATS,,,"1","FIXED_PRICE","GBP",99.99,,,99.99,"0","3","0","Sep-09-25 03:22:31 PDT","Aug-09-26 03:22:31 PDT","Power Transformers","260831","","","Used","","","","","","UK","","",""
"397092320697",NILFISK BA651 ELECTRIC PEDESTRIAN FLOOR SCRUBBER DRYER 66cm SCRUBBING WIDTH,,,"1","FIXED_PRICE","GBP",789.99,,,789.99,"0","0","0","Sep-25-25 08:31:55 PDT","Jul-25-26 08:31:55 PDT","Battery Scrubbers & Buffers","184335","","","Used","","","","","","UK","","5711140120354",""
"397098438681",SLIMLINE CONVECTION PANEL HEATER 2000W 7 DAY 24HR TIMER 6000BTU CONSERVATORIES,,,"1","FIXED_PRICE","GBP",89.99,,,89.99,"0","1","","Sep-27-25 00:46:06 PDT","Jul-27-26 00:46:06 PDT","Space Heaters","20613","","","New other (see details)","","","","","","UK","","",""
"397099388283",AIRXPRO AXP-400 MEDICAL AIR PURIFIER KILLS VIRUS' ALLERGENS BACTERIA VOICE CNTRL,,,"2","FIXED_PRICE","GBP",279.99,,,279.99,"0","2","0","Sep-27-25 08:42:09 PDT","Jul-27-26 08:42:09 PDT","Air Purifiers","43510","","","New other (see details)","","","","","","UK","","7301241304005",""
"397101776963",30 x Microscope Slide Sets – Environmental Damage & Pathology Biology Kit Bulk,,,"2","FIXED_PRICE","GBP",120.0,,,120.0,"0","1","0","Sep-28-25 02:06:31 PDT","Jul-28-26 02:06:31 PDT","Microscope Slides & Slide Covers","26418","","","New","","","","","","UK","","",""
"397115931566",Retractable Cord Reel & LED 13W Magnetic Work Light 110V Ceiling Wall Mount 11M,,,"2","FIXED_PRICE","GBP",44.99,,,44.99,"2","3","0","Oct-02-25 08:53:28 PDT","Aug-02-26 08:53:28 PDT","Other Business & Industrial","26261","","","New other (see details)","","","","","","UK","","",""
"397128045195",Mareno 15 L Commercial Deep Fat Fryer – 3-Phase Stainless Steel + Storage,,,"1","FIXED_PRICE","GBP",250.0,,,250.0,"0","0","","Oct-05-25 22:29:45 PDT","Aug-05-26 22:29:45 PDT","Electric Fryers","258585","","","Used","","","","","","UK","","",""
"397131941611","OKI C711 Toner Laser Printer - For heavy 100,000 pages per month workloads",,,"1","FIXED_PRICE","GBP",120.0,,,120.0,"1","19","0","Oct-07-25 04:18:31 PDT","Aug-07-26 04:18:31 PDT","Printers","1245","","","Used","","","","","108929453","UK","","0051851182810",""
"397134846321",Hilti Motor Assembly Designed For VC 40 Series Industrial Vacuum Cleaners,,,"1","FIXED_PRICE","GBP",40.0,,,40.0,"0","","","Oct-07-25 23:22:29 PDT","Aug-07-26 23:22:29 PDT","Vacuum Cleaner Motors","184323","","","Used","","","","","","UK","","",""
"397138523885",GENNY SIGNAL GENERATOR 1506 (MODEL GD) No Earth Stake,,,"1","FIXED_PRICE","GBP",40.0,,,40.0,"0","2","0","Oct-08-25 22:48:24 PDT","Aug-08-26 22:48:24 PDT","Signal Generators","257921","","","Used","","","","","","UK","","",""
"397141950555",Karcher NT 45/1 Tact Wet & Dry Vacuum Cleaner 45L Industrial Commercial 110V,,,"1","FIXED_PRICE","GBP",110.0,,,110.0,"0","4","0","Oct-09-25 23:01:37 PDT","Aug-09-26 23:01:37 PDT","Canister & Wet/Dry Vacuums","66961","","","Used","","","","","","UK","","4054278169873",""
"397142396282",Pack Of 10 Work Safety Bump Baseball Hat Collision Hard Cap Head Reduced Peak,,,"1","FIXED_PRICE","GBP",60.0,,,60.0,"0","","","Oct-10-25 02:22:29 PDT","Aug-10-26 02:22:29 PDT","Hard Hats & Bump Caps","183881","","","Used","","","","","","UK","","",""
"397143058643",ATLAS COPCO COMPRESSED CLEAN AIR RESTORATION SYSTEM C.A.R.E AIR LINE DRYER,,,"1","FIXED_PRICE","GBP",120.0,,,120.0,"1","3","0","Oct-10-25 07:12:11 PDT","Aug-10-26 07:12:11 PDT","Other Business & Industrial","26261","","","Used","","","","","","UK","","",""
"397143068578",ATLAS COPCO COMPRESSED CLEAN AIR RESTORATION SYSTEM C.A.R.E AIR LINE DRYER,,,"2","FIXED_PRICE","GBP",120.0,,,120.0,"0","0","","Oct-10-25 07:19:37 PDT","Aug-10-26 07:19:37 PDT","Other Business & Industrial","26261","","","Used","","","","","","UK","","",""
"397143073886",ATLAS COPCO COMPRESSED CLEAN AIR RESTORATION SYSTEM C.A.R.E AIR LINE DRYER,,,"1","FIXED_PRICE","GBP",110.0,,,110.0,"0","1","0","Oct-10-25 07:22:10 PDT","Aug-10-26 07:22:10 PDT","Other Business & Industrial","26261","","","Used","","","","","","UK","","",""
"397152870842",JOB LOT MUSIC BOOKS / SCORES 45 BOOKS,,,"1","FIXED_PRICE","GBP",49.99,,,49.99,"0","4","0","Oct-13-25 06:53:06 PDT","Aug-13-26 06:53:06 PDT","Contemporary","182151","","","Like New","","","","","","UK","","",""
"397158730466",TOKU TCA-7 PNEUMATIC HAMMER COAL PICK CHIPPING BREAKER DEMOLITION,,,"1","FIXED_PRICE","GBP",140.0,,,140.0,"0","3","0","Oct-14-25 23:18:44 PDT","Aug-14-26 23:18:44 PDT","Breakers","112393","","","Used","","","","","","UK","","",""
"397169047157",MACDONALD WA29 PNEUMATIC BREAKER HEAVY DUTY ROCK CONCRETE 28KG,,,"1","FIXED_PRICE","GBP",150.0,,,150.0,"0","","","Oct-17-25 23:16:38 PDT","Aug-17-26 23:16:38 PDT","Breakers","112393","","","Used","","","","","","UK","","",""
"397207611124",TORK XPRESS MULTIFOLD MINI HAND TOWEL DISPENSER 552100 NEW - BOX TATTY,,,"1","FIXED_PRICE","GBP",24.99,,,24.99,"0","0","","Oct-29-25 13:47:27 PDT","Jul-29-26 12:47:27 PDT","Paper Towel Dispensers","159695","","","New other (see details)","","","","","","UK","","7322540349184",""
"397207638495",CHICAGO PNUEMATIC CP 1260 S AIR BREAKER HAMMER JACK HAMMER HEAVY DUTY DEMOLITION,,,"1","FIXED_PRICE","GBP",100.0,,,100.0,"0","1","","Oct-29-25 14:02:59 PDT","Jul-29-26 13:02:59 PDT","Breakers","112393","","","Used","","","","","","UK","","",""
"397212977434",WIRE ROPE LIFTING SLING 20T TONNE TON (6 METERS)  - NEW CAN POST SEND POSTCODE,,,"1","FIXED_PRICE","GBP",120.0,,,120.0,"0","2","0","Oct-31-25 03:35:49 PDT","Jul-31-26 02:35:49 PDT","Other Lifting Parts & Rigging","184226","","","New other (see details)","","","","","","UK","","",""
"397213221160",Demon 110v Cold Pressure Jet Washer (From Tap Bowser) 1200 PSI BARE UNIT NO HOSE,,,"1","FIXED_PRICE","GBP",149.99,,,149.99,"0","7","0","Oct-31-25 05:39:43 PDT","Jul-31-26 04:39:43 PDT","Electric Pressure Washers","183764","","","Used","","","","","","UK","","",""
"397213949668",Weber V400 Compact Hydraulic Power Unit 700bar Honda GX - Jaws of Life / Rescue,,,"1","FIXED_PRICE","GBP",420.0,,,420.0,"0","3","0","Oct-31-25 09:43:58 PDT","Jul-31-26 08:43:58 PDT","Other DIY Tools & Workshop Equipment","11704","","","Used","","","","","","UK","","",""
"397213989700",BATTERY TEMPORARY TRAFFIC LIGHTS SIGNALS - UNTESTED SET OF TWO,,,"1","FIXED_PRICE","GBP",189.99,,,189.99,"0","6","0","Oct-31-25 10:02:00 PDT","Jul-31-26 09:02:00 PDT","Other Construction Tools","64810","","","For parts or not working","","","","","","UK","","",""
"397214158166",NILFISK ATTIX 9 110V  INDUSTRIAL WET / DRY VACUUM CLEANER 70L LARGE ROBUST,,,"1","FIXED_PRICE","GBP",250.0,,,250.0,"0","2","0","Oct-31-25 11:16:41 PDT","Jul-31-26 10:16:41 PDT","Other Business & Industrial","26261","","","Used","","","","","","UK","","",""
"397217571290",ATLAS COPCO TEX230 PE PNEUMATIC AIR BREAKER JACK HAMMER HEAVY DUTY 25KG,,,"1","FIXED_PRICE","GBP",100.0,,,100.0,"0","5","0","Nov-01-25 08:59:59 PDT","Aug-01-26 07:59:59 PDT","Breakers","112393","","","Used","","","","","","UK","","",""
"397227614561","Sealey Generation Composite Twin Hammer Air Impact Wrench 1/2""Sq Drive GSA6006",,,"1","FIXED_PRICE","GBP",24.99,,,24.99,"0","2","0","Nov-04-25 06:43:09 PST","Aug-04-26 06:43:09 PDT","Power Tools & Equipment","35000","","","Used","","","","","","UK","","",""
"397230362594",QED Magna SH-30T 30W 100V IP66 Weatherproof Horn Speaker – Industrial Commercial,,,"1","FIXED_PRICE","GBP",150.0,,,150.0,"0","","","Nov-05-25 03:35:51 PST","Aug-05-26 03:35:51 PDT","Speakers & Subwoofers","14990","","","Opened – never used","","","","","","UK","","",""
"397231614659","E-Audio B401C 5.25"" Ceiling Speakers Pair 80W 16 Ohm Home Cinema Bathroom Damp",,,"1","FIXED_PRICE","GBP",11.95,,,11.95,"1","2","0","Nov-05-25 12:03:24 PST","Aug-05-26 12:03:24 PDT","Speakers & Subwoofers","14990","","","Opened – never used","","","","","","UK","","5021196754541",""
"397231701999",Europac RP-702B Double Dust Extractor Unit – Workshop Machine Working 3 Phase,,,"1","FIXED_PRICE","GBP",199.99,,,199.99,"0","7","0","Nov-05-25 12:41:35 PST","Aug-05-26 12:41:35 PDT","Dust Extractors","116670","","","Used","","","","","","UK","","",""
"397264314146",Ceiling Speaker MONACOR EDL-8 8″ PA 100V Line Flush‐Mount – New Box Opened,,,"1","FIXED_PRICE","GBP",18.99,,,18.99,"0","","","Nov-14-25 00:12:18 PST","Aug-14-26 00:12:18 PDT","Speakers & Subwoofers","14990","","","Opened – never used","","","","","","UK","","4007754116731",""
"397279070994",Exin Light rechargeable LED work light ** No charger ** Portable Industrial IP65,,,"2","FIXED_PRICE","GBP",75.0,,,75.0,"0","4","0","Nov-16-25 23:20:26 PST","Aug-16-26 23:20:26 PDT","Torches & Work Lights","126393","","","Used","","","","","","UK","","",""
"397296781084",TY Princess Diana Beanie Baby Bear 1997 Indonesia PE Pellets No Poem Space,,,"1","FIXED_PRICE","GBP",19.99,,,19.99,"0","","","Nov-20-25 08:32:33 PST","Aug-20-26 08:32:33 PDT","Retired","1638","","","Used","","","","","","UK","","",""
"397340107324",Cascade Forklift Forks 122×40×1000mm – 1500kg @ 500mm LC – Pair – Class 2 40inch,,,"1","FIXED_PRICE","GBP",150.0,,,150.0,"0","","","Nov-30-25 11:22:10 PST","Jul-30-26 11:22:10 PDT","Warehouse Forklifts & Stackers","65522","","","Used","","","","","","UK","","",""
"397341978996",SCIENTIFIC AIR MEDICAL GRADE AIR PURIFIER S400 ALLERGIES HAYFEVER VIRUS BACTERIA,,,"1","FIXED_PRICE","GBP",225.0,,,225.0,"0","2","0","Nov-30-25 23:14:56 PST","Jul-31-26 23:14:56 PDT","Air Purifiers","43510","","","Used","","","","","","UK","","",""
"397378076388",Nilfisk Alto ATTIX 50L Industrial Wet & Dry Vacuum 110V Ex-Hire Working Workshop,,,"1","FIXED_PRICE","GBP",225.0,,,225.0,"0","0","","Dec-10-25 05:11:41 PST","Aug-10-26 05:11:41 PDT","Wet & Dry Vacuum Cleaners","184337","","","Used","","","","","","UK","","",""
"397382491492","Makita GA7020 7"" Angle Grinder 180mm –110V Used – Tested Working – Heavy Duty",,,"1","FIXED_PRICE","GBP",44.99,,,44.99,"0","","","Dec-11-25 09:41:00 PST","Aug-11-26 09:41:00 PDT","Grinders","42275","","","Used","","","","","","UK","","0088381068093",""
"397382523125",DeWalt D26411 Heat Gun 110V – Used – Tested Working – Hot Air Gun,,,"1","FIXED_PRICE","GBP",33.0,,,33.0,"0","1","0","Dec-11-25 09:58:11 PST","Aug-11-26 09:58:11 PDT","Heat Guns","66797","","","Used","","","","","","UK","","5035048290057",""
"397388242763",MC Electronics EROSMC Freestanding Mini Traffic Indicator Board Railway,,,"6","FIXED_PRICE","GBP",79.99,,,79.99,"0","","","Dec-13-25 04:54:51 PST","Aug-13-26 04:54:51 PDT","Other Electrical Equipment & Supplies","92078","","","Used","","","","","","UK","","",""
"397388392462",Yardene Engineering Yellow TSR  ESR Rail Track Magnet  Insulated Temporary Speed,,,"2","FIXED_PRICE","GBP",120.0,,,120.0,"0","","","Dec-13-25 06:12:15 PST","Aug-13-26 06:12:15 PDT","Other Business & Industrial","26261","","","Used","","","","","","UK","","",""
"397388409858",ROBEL 40.05 Rail Lifter – 750kg SWL – Track Lifting Tool – Railway – Used,,,"1","FIXED_PRICE","GBP",155.0,,,155.0,"0","1","","Dec-13-25 06:29:13 PST","Aug-13-26 06:29:13 PDT","Other Lifting Parts & Rigging","184226","","","Used","","","","","","UK","","",""
"397390756607",Dallas Woodworking Electric Lathe – Single Phase – Used – Workshop / Woodturning,,,"1","FIXED_PRICE","GBP",150.0,,,150.0,"0","4","0","Dec-14-25 05:40:13 PST","Aug-14-26 05:40:13 PDT","Lathes","57121","","","Used","","","","","","UK","","",""
"397390988036",Woodworking Electric Lathe  – Single Phase – Used,,,"1","FIXED_PRICE","GBP",199.99,,,199.99,"0","","","Dec-14-25 07:10:12 PST","Aug-14-26 07:10:12 PDT","Lathes","260166","","","Used","","","","","","UK","","",""
"397391009418",Kettler Coach M Magnetic Indoor Rowing Machine Home Fitness Used Full Body Cardi,,,"1","FIXED_PRICE","GBP",138.99,,,138.99,"0","4","0","Dec-14-25 07:21:56 PST","Aug-14-26 07:21:56 PDT","Rowing Machines","28060","","","Used","","","","","","UK","","",""
"397393687436",Electrolux Commercial Gas Catering Oven 2 Burners and Solid Top,,,"1","FIXED_PRICE","GBP",449.99,,,449.99,"0","","","Dec-15-25 03:20:02 PST","Aug-15-26 03:20:02 PDT","Other Commercial Ovens","53219","","","Used","","","","","","UK","","",""
"397393725875",STEPHILL 5KVA PETROL GENERATOR 110V 240V DUAL VOLTAGE,,,"1","FIXED_PRICE","GBP",550.0,,,550.0,"0","1","0","Dec-15-25 03:38:19 PST","Aug-15-26 03:38:19 PDT","Generators","46412","","","Used","","","","","","UK","","",""
"397419651724",Deb CUTAN Dispenser for Hand Sanitizer – 1 litre PROB01SA,,,"12","FIXED_PRICE","GBP",13.99,,,13.99,"0","","","Dec-22-25 07:37:04 PST","Aug-22-26 07:37:04 PDT","Hand Sanitisers","177663","","","New","","","","","737076213","UK","","5010424034043",""
"397419659178",Deb Cutan 7 Circles ProLine 1L Hand Sanitiser Dispenser Wall Mounted Commercial,,,"11","FIXED_PRICE","GBP",12.99,,,12.99,"0","","","Dec-22-25 07:43:29 PST","Aug-22-26 07:43:29 PDT","Other Cleaning Supplies","183888","","","New","","","","","","UK","","5010424112291",""
"397438681916",Socbox SNB1000 Bench Sequential Numbering Machine Print Finishing Ticket Press,,,"1","FIXED_PRICE","GBP",85.0,,,85.0,"0","","","Dec-28-25 05:26:32 PST","Jul-28-26 05:26:32 PDT","Binding & Finishing Equipment","26244","","","Used","","","","","","UK","","",""
"397438730020",Macdonald 28S Pneumatic Breaker Heavy Duty Air Jackhammer Concrete Demolition,,,"2","FIXED_PRICE","GBP",130.0,,,130.0,"0","","","Dec-28-25 05:40:07 PST","Jul-28-26 05:40:07 PDT","Breakers","112393","","","Used","","","","","","UK","","",""
"397438735351",SULLAIR SK5S PNEUMATIC AIR HAMMER DEMOLITION PICK LIGHT 5KG,,,"1","FIXED_PRICE","GBP",99.99,,,99.99,"0","","","Dec-28-25 05:44:03 PST","Jul-28-26 05:44:03 PDT","Air Hammers","42246","","","Used","","","","","","UK","","",""
"397438812113",Permaquip Ironman Rail Lifter SWL 1500kg – Track Lifting Equipment – P-Way,,,"1","FIXED_PRICE","GBP",550.0,,,550.0,"0","2","0","Dec-28-25 06:16:48 PST","Jul-28-26 06:16:48 PDT","Other Cranes & Hoists","184199","","","Used","","","","","","UK","","",""
"397438940709",Erbauer ERB620HTL 250W Oscillating Multi Tool – Corded,,,"1","FIXED_PRICE","GBP",24.99,,,24.99,"0","3","0","Dec-28-25 07:24:52 PST","Jul-28-26 07:24:52 PDT","Multitools","50205","","","Used","","","","","","UK","","",""
"397438968092",Makita GA4530R 110V Angle Grinder / Pipe Cutter 115mm,,,"1","FIXED_PRICE","GBP",34.99,,,34.99,"0","","","Dec-28-25 07:38:01 PST","Jul-28-26 07:38:01 PDT","Grinders","42275","","","Used","","","","","","UK","","",""
"397439585513",Moore Lasermate LM-5 Pressure Sealer / Mailing System – Office Folding & Seal,,,"1","FIXED_PRICE","GBP",329.99,,,329.99,"0","","","Dec-28-25 12:54:24 PST","Jul-28-26 12:54:24 PDT","Other Office Equipment","98714","","","Used","","","","","","UK","","",""
"397441966085",ELLERsafe Fall Arrester Arrest– 5mm Galvanized Wire Rope 11m 120kg Inertia Reel,,,"1","FIXED_PRICE","GBP",80.0,,,80.0,"0","1","0","Dec-29-25 05:41:28 PST","Jul-29-26 05:41:28 PDT","Safety Harnesses","53153","","","Used","","","","","","UK","","",""
"397444689485",ROTARY HAMMER HEAVY DUTY CONCRETE WOOD 5KG DEMOLITION DRILL 800RPM 620W,,,"1","FIXED_PRICE","GBP",50.0,,,50.0,"0","1","0","Dec-30-25 01:22:47 PST","Jul-30-26 01:22:47 PDT","Hammer Drills","50208","","","Used","","","","","","UK","","",""
"397445667625","ITONA TC1440 Thin Client Windows 6, 256Mb Ram, 128Mb flash, 32 Bit Graphics.",,,"1","FIXED_PRICE","GBP",100.0,,,100.0,"0","","","Dec-30-25 07:37:23 PST","Jul-30-26 07:37:23 PDT","PC Desktops & All-in-Ones","179","","","Opened – never used","","","","","","UK","","",""
"397446353725",CAR MOBILE DIGITAL TV RECEIVER BOX DVB-T,,,"1","FIXED_PRICE","GBP",29.99,,,29.99,"0","0","0","Dec-30-25 13:16:29 PST","Jul-30-26 13:16:29 PDT","Satellite TV Receivers","96969","","","Used","","","","","","UK","","",""
"397449296599","Used Scotsman AC126 240V Gourmet Ice Maker – 74kg/24hr, 39kg Bin",,,"1","FIXED_PRICE","GBP",649.99,,,649.99,"0","","","Dec-31-25 09:16:36 PST","Jul-31-26 09:16:36 PDT","Fridges","71262","","","Used","","","","","","UK","","",""
"397449482353",Link Sleeper Beam Dropper Chain With Pandrol Lifting Hook Railway 350kg swl,,,"1","FIXED_PRICE","GBP",99.99,,,99.99,"0","1","0","Dec-31-25 10:29:18 PST","Jul-31-26 10:29:18 PDT","Other Industrial Tools","633","","","Used","","","","","","UK","","",""
"397452711107",Bowthorpe / BICC Overhead Line Tension Clamp 755307,,,"1","FIXED_PRICE","GBP",59.99,,,59.99,"0","0","0","Jan-01-26 08:51:05 PST","Aug-01-26 08:51:05 PDT","Other Industrial Tools","633","","","Used","","","","","","UK","","",""
"397455020912",PNEUMATIC DEMOLTION HAMMER HEAVY DUTY AIR BREAKER,,,"1","FIXED_PRICE","GBP",139.99,,,139.99,"0","","","Jan-02-26 02:52:26 PST","Aug-02-26 02:52:26 PDT","Breakers","112393","","","Used","","","","","","UK","","",""
"397455062856",PNEUMATIC AIR DEMOLITION PICK HAMMER,,,"1","FIXED_PRICE","GBP",150.0,,,150.0,"0","0","0","Jan-02-26 03:12:14 PST","Aug-02-26 03:12:14 PDT","Air Hammers","42246","","","Used","","","","","","UK","","",""
"397456186429","Butters Autoweld 150 MIG Welder 150A 230V – UK Built Transformer, Used, Gas",,,"1","FIXED_PRICE","GBP",219.99,,,219.99,"0","6","0","Jan-02-26 09:27:56 PST","Aug-02-26 09:27:56 PDT","MIG Welders","124822","","","Used","","","","","","UK","","",""
"397456266016",Air X Pro AXP-800 HEPA Air Purifier Ideal Allergies Asthma 130m² Medical Grade,,,"2","FIXED_PRICE","GBP",129.98,,,129.98,"0","1","0","Jan-02-26 10:02:37 PST","Aug-02-26 10:02:37 PDT","Air Purifiers","43510","","","Used","","","","","","UK","","",""
"397458477849","SIP Merlin 210 MMA Arc Welder – Robust Stick Welder, 230V, Fan Cooled",,,"1","FIXED_PRICE","GBP",75.0,,,75.0,"0","3","0","Jan-03-26 03:52:47 PST","Aug-03-26 03:52:47 PDT","Stick Welders","182898","","","Used","","","","","","UK","","",""
"397458580298",DeWalt DWS774 216mm Sliding Compound Mitre Saw | 1400W | XPS,,,"1","FIXED_PRICE","GBP",149.89,,,149.89,"1","23","0","Jan-03-26 04:17:26 PST","Aug-03-26 04:17:26 PDT","Mitre Saws","260172","","","Used","","","","","","UK","","",""
"397509759319",Slim Panel Heater Timer Remote Portable Castors White 1.5kw D-24cm Wall / Floor,,,"3","FIXED_PRICE","GBP",49.99,,,49.99,"0","0","0","Jan-18-26 11:57:14 PST","Aug-18-26 11:57:14 PDT","Space Heaters","20613","","","New other (see details)","","","","","","UK","","",""
"397513078744",Fireflo FF3 110V 2.7kW Industrial Electric Fan Heater Site Workshop Used,,,"3","FIXED_PRICE","GBP",39.99,,,39.99,"0","","","Jan-19-26 12:13:14 PST","Aug-19-26 12:13:14 PDT","Space Heaters","20613","","","Used","","","","","","UK","","",""
"397520427624",NEXT GIRLS SUMMER DRESS STRIPES FLORAL AGE 6 T SHIRT DRESS,,,"1","FIXED_PRICE","GBP",0.99,,,0.99,"0","2","0","Jan-21-26 09:21:41 PST","Aug-21-26 09:21:41 PDT","Dresses","51581","","","Pre-owned - Fair","","","","","","UK","","",""
"397520429957",GIRLS PINK PLEATED PARTY DRESS AGE 3-4 YRS FLUTTER SHORT SLEEVES,,,"1","FIXED_PRICE","GBP",1.89,,,1.89,"0","2","0","Jan-21-26 09:24:26 PST","Aug-21-26 09:24:26 PDT","Dresses","51581","","","Pre-owned - Fair","","","","","","UK","","",""
"397520464352",KENZO GIRLS PINK FLORAL FLOWER DRESS AGE 4 COUNTRY STYLE LONG SLEEVED COTTON,,,"1","FIXED_PRICE","GBP",9.99,,,9.99,"0","0","0","Jan-21-26 09:42:19 PST","Aug-21-26 09:42:19 PDT","Dresses","51581","","","Pre-owned - Excellent","","","","","","UK","","",""
"397520469325",E-VIE ANGEL GIRLS BLACK GOLD DRESS AGE 5-6. PARTY GLAM,,,"1","FIXED_PRICE","GBP",4.5,,,4.5,"0","0","0","Jan-21-26 09:47:13 PST","Aug-21-26 09:47:13 PDT","Dresses","51581","","","Pre-owned - Good","","","","","","UK","","",""
"397520474690",STRAWBERRY FAIRE GIRLS DRESS FLORAL AGE 4-5,,,"1","FIXED_PRICE","GBP",5.5,,,5.5,"0","2","0","Jan-21-26 09:51:15 PST","Aug-21-26 09:51:15 PDT","Dresses","51581","","","Pre-owned - Good","","","","","","UK","","",""
"397534782264",TWO GIRLS DENIM DUNGAREE DRESSES DRESS AGE 4-5,,,"1","FIXED_PRICE","GBP",1.99,,,1.99,"0","","","Jan-25-26 06:44:36 PST","Jul-25-26 06:44:36 PDT","Dresses","51581","","","Pre-owned - Fair","","","","","","UK","","",""
"397551816295",3.3m Electric Pedestrian Tipper Truck | Waste Cage Mesh Sides | Walk-Behind RCV,,,"1","FIXED_PRICE","GBP",1500.0,,,1500.0,"0","1","0","Jan-30-26 00:23:40 PST","Jul-30-26 00:23:40 PDT","Other Material Handling","26224","","","Used","","","","","","UK","","",""
"397566783316",TEXA OPABOX Autopower Diesel Smoke Meter Opacimeter Emissions Tester Used,,,"1","FIXED_PRICE","GBP",450.0,,,450.0,"0","2","0","Feb-03-26 05:38:34 PST","Aug-03-26 05:38:34 PDT","Emissions Analysers","179479","","","Used","","","","","","UK","","",""
"397567061192",Job Lot x 5 - Bitumen H550 Aerosol Edge Sealer 750ml,,,"1","FIXED_PRICE","GBP",34.99,,,34.99,"0","","","Feb-03-26 07:21:41 PST","Aug-03-26 07:21:41 PDT","Multi-Component Epoxies","183857","","","Used","","","","","","UK","","",""
"397567113347",EBAC PF400 Industrial Ventilator Fan / Air Mover – Used 110V Workshop,,,"1","FIXED_PRICE","GBP",94.99,,,94.99,"0","","","Feb-03-26 07:47:49 PST","Aug-03-26 07:47:49 PDT","Space Heaters","20613","","","Used","","","","","","UK","","",""
"397570537305",Elite Heat 3kW 110V Industrial Ceramic Heater Garage Workshop 12A Spray Booth,,,"3","FIXED_PRICE","GBP",42.0,,,42.0,"0","2","0","Feb-04-26 06:33:36 PST","Aug-04-26 06:33:36 PDT","Space Heaters","20613","","","Used","","","","","","UK","","",""
"397570919853",3kW 110V Industrial Ceramic Heater Garage Workshop  Spray Booth,,,"2","FIXED_PRICE","GBP",38.99,,,38.99,"1","3","0","Feb-04-26 09:24:07 PST","Aug-04-26 09:24:07 PDT","Space Heaters","20613","","","Used","","","","","","UK","","",""
"397570981443",ARCOTHERM EK15 INDUSTRIAL FAN SPACE HEATER 3PHASE 15Kw WORKSHOP WAREHOUSE GARAGE,,,"3","FIXED_PRICE","GBP",129.0,,,129.0,"0","2","0","Feb-04-26 09:41:01 PST","Aug-04-26 09:41:01 PDT","Space Heaters","20613","","","Used","","","","","","UK","","",""
"397571144172",ANDREWS G125 DV GAS SPACE HEATER DUAL VOLTAGE 110V 240V,,,"1","FIXED_PRICE","GBP",49.99,,,49.99,"1","0","0","Feb-04-26 10:54:32 PST","Aug-04-26 10:54:32 PDT","Space Heaters","20613","","","Used","","","","","","UK","","",""
"397572785318",110V FOUR WAY SPLIITER JUNCTION SPIDER BOX 32Amp Total Output,,,"3","FIXED_PRICE","GBP",39.99,,,39.99,"0","","","Feb-04-26 22:40:55 PST","Aug-04-26 22:40:55 PDT","Wire & Cable Connectors","260835","","","Used","","","","","","UK","","",""
"397572830045",Thermobile G81 DV 85kW Propane Gas Space Heater Dual Voltage 110V /240V,,,"2","FIXED_PRICE","GBP",110.0,,,110.0,"0","1","0","Feb-04-26 23:07:35 PST","Aug-04-26 23:07:35 PDT","Space Heaters","20613","","","Used","","","","","","UK","","",""
"397572875006",HEATR G33 DV Propane Space Heater - 33kW Dual Voltage 110V/230V - Workshop Site,,,"1","FIXED_PRICE","GBP",110.0,,,110.0,"0","1","0","Feb-04-26 23:28:34 PST","Aug-04-26 23:28:34 PDT","Space Heaters","20613","","","Used","","","","","","UK","","",""
"397572912761",CP CHICAGO PNEUMATIC BREAKER AIR JACK HAMMER,,,"1","FIXED_PRICE","GBP",90.0,,,90.0,"0","0","0","Feb-04-26 23:38:48 PST","Aug-04-26 23:38:48 PDT","Breakers","112393","","","Used","","","","","","UK","","",""
"397572926667",MACDONALD PNUEMATIC JACKHAMMER 14035 AIR 28KG SVRT,,,"1","FIXED_PRICE","GBP",90.0,,,90.0,"0","","","Feb-04-26 23:44:08 PST","Aug-04-26 23:44:08 PDT","Breakers","112393","","","Used","","","","","","UK","","",""
"397575243021",Tsurumi LSC1.4S Submersible “Puddle Sucker” Drainage Pump 110V,,,"1","FIXED_PRICE","GBP",85.0,,,85.0,"0","1","0","Feb-05-26 12:30:22 PST","Aug-05-26 12:30:22 PDT","Sump, Sewage & Effluent Pumps","184084","","","Used","","","","","","UK","","",""
"397578495490",Comelit 3028/N 28-Button Traditional Intercom Panel & Back Box | N Series Audio,,,"1","FIXED_PRICE","GBP",399.99,,,399.99,"0","","","Feb-06-26 08:05:13 PST","Aug-06-26 08:05:13 PDT","Door Entry Systems & Intercoms","14953","","","New other (see details)","","","","","","UK","","",""
"397580988668",DORMAN MK2 LED RAIL MARKERS - Railway Marker Board Lamp Worksite Light,,,"1","FIXED_PRICE","GBP",64.99,,,64.99,"0","2","0","Feb-07-26 02:06:39 PST","Aug-07-26 02:06:39 PDT","Other Industrial Tools","633","","","Used","","","","","","UK","","",""
"397581507885",Heavy Duty 3T Double Sheave Crane Hook Block 3000kg Pulley Snatch Block,,,"1","FIXED_PRICE","GBP",49.99,,,49.99,"0","1","0","Feb-07-26 05:33:57 PST","Aug-07-26 05:33:57 PDT","Lifting Pulleys & Sheaves","184212","","","Used","","","","","","UK","","",""
"397585489093",Truvox Hydro-Mist Compact HC250 Carpet Cleaner Upholstery Extractor Car,,,"1","FIXED_PRICE","GBP",199.99,,,199.99,"2","4","0","Feb-08-26 06:37:50 PST","Aug-08-26 06:37:50 PDT","Other Business & Industrial","26261","","","Used","","","","","","UK","","",""
"397589644107",BRATTS 2 TREAD SAFETY STEPLADDER PLATFORM FIBRE GLASS HANDRAILS EN131,,,"1","FIXED_PRICE","GBP",100.0,,,100.0,"0","0","0","Feb-09-26 11:44:42 PST","Aug-09-26 11:44:42 PDT","Folding & Step Ladders","184231","","","Used","","","","","","UK","","",""
"397589746195",Power Team PG182 Rail Stressing Power Pack - 700 Bar - Network Rail CAT 065/0290,,,"1","FIXED_PRICE","GBP",1200.0,,,1200.0,"0","2","0","Feb-09-26 12:22:56 PST","Aug-09-26 12:22:56 PDT","Other Hydraulics & Pneumatics","48718","","","Used","","","","","","UK","","",""
"397589766541",Hiretech HT8-1 Floor Sander 240V Drum Floor Sander Parts / Repair MOTOR WORKING,,,"1","FIXED_PRICE","GBP",140.0,,,140.0,"0","1","0","Feb-09-26 12:32:34 PST","Aug-09-26 12:32:34 PDT","Sanders","20782","","","For parts or not working","","","","","","UK","","",""
"397589783123",BraunAbility E-Series VL91718 Wheelchair Lift  364kg Minibus Sprinter Transit,,,"1","FIXED_PRICE","GBP",439.99,,,439.99,"0","4","0","Feb-09-26 12:45:40 PST","Aug-09-26 12:45:40 PDT","Other Mobility Equipment","28177","","","Used","","","","","","UK","","",""
"397591384313",SAFETY TRIPOD FALL ARREST RESCUE - TRACTEL,,,"1","FIXED_PRICE","GBP",150.0,,,150.0,"0","1","0","Feb-10-26 00:10:41 PST","Aug-10-26 00:10:41 PDT","Safety Harnesses","53153","","","Used","","","","","","UK","","",""
"397591388288",Sullair SK12A Pneumatic Breaker – Medium‑Duty Air Jack Hammer – 14.4 kg Air Pick,,,"1","FIXED_PRICE","GBP",90.0,,,90.0,"0","1","0","Feb-10-26 00:12:21 PST","Aug-10-26 00:12:21 PDT","Breakers","112393","","","Used","","","","","","UK","","",""
"397591702844",Tecalemit TD/3150/R Diesel Smoke Meter Emmissions Garage MOT,,,"1","FIXED_PRICE","GBP",350.0,,,350.0,"0","3","0","Feb-10-26 02:11:21 PST","Aug-10-26 02:11:21 PDT","Emissions Analysers","179479","","","Used","","","","","","UK","","",""
"397603344272",KENCO COMMERCIAL COFFEE VENDING MACHINE HOT DRINKS OFFICE ETC,,,"0","FIXED_PRICE","GBP",165.0,,,165.0,"1","14","0","Feb-13-26 01:37:17 PST","Aug-13-26 01:37:17 PDT","Hot Beverage Machines","67178","","","Used","","","","","","UK","","",""
"397604364828",VXL Itona TY14YY Thin Client - Intel Quad Core - 4GB RAM 8GB Flash - New (Open B,,,"2","FIXED_PRICE","GBP",40.0,,,40.0,"0","0","0","Feb-13-26 07:50:28 PST","Aug-13-26 07:50:28 PDT","Thin Clients","175702","","","Opened – never used","","","","","","UK","","",""
"397609314029",INDUSTRIAL 240V 2 ROLL CALENDER PRESS RUBBER PLASTIC SHEETING MILL,,,"1","FIXED_PRICE","GBP",399.99,,,399.99,"0","5","0","Feb-14-26 09:40:56 PST","Aug-14-26 09:40:56 PDT","Other Plastic Processing Equipment & Supplies","26258","","","Used","","","","","","UK","","",""
"397609383320",INDUSTRIAL 240V AC VARIABLE POWER SOURCE / INJECTION TEST RIG,,,"1","FIXED_PRICE","GBP",174.0,,,174.0,"0","1","0","Feb-14-26 10:04:40 PST","Aug-14-26 10:04:40 PDT","Other Test Meters & Detectors","4678","","","Used","","","","","","UK","","",""
"397611729820",Westomatic Solo Encore XL Hot Drinks Vending Machine | Coffee Tea Chocolate,,,"1","FIXED_PRICE","GBP",400.0,,,400.0,"0","14","0","Feb-15-26 02:44:18 PST","Aug-15-26 02:44:18 PDT","Hot Beverage Machines","67178","","","Used","","","","","","UK","","Does not apply",""
"397611905587",HYDAULIC BREAKER JACKHAMMER,,,"1","FIXED_PRICE","GBP",200.0,,,200.0,"0","","","Feb-15-26 04:00:28 PST","Aug-15-26 04:00:28 PDT","Breakers","112393","","","Used","","","","","","UK","","",""
"397612005504",Endress+Hauser POUK021305 12V Fuel Management Control Panel | Piusi Broyce Timer,,,"1","FIXED_PRICE","GBP",195.0,,,195.0,"0","","","Feb-15-26 04:31:17 PST","Aug-15-26 04:31:17 PDT","Other Automation Equipment","36802","","","Used","","","","","","UK","","",""
"397612079756",Paragon Focus HE Gas Fire Engine & Trim | Nickel & Black | Slide Contl (No Fret),,,"1","FIXED_PRICE","GBP",129.99,,,129.99,"0","1","0","Feb-15-26 05:02:16 PST","Aug-15-26 05:02:16 PDT","Heating Stoves","84184","","","Used","","","","","","UK","","",""
"397616224795",Entel HX482 UHF Two-Way Radio Bare Unit - Pro Grade 430-470MHz Walkie Talkie,,,"30","FIXED_PRICE","GBP",29.99,,,29.99,"0","0","0","Feb-16-26 06:56:16 PST","Aug-16-26 06:56:16 PDT","Walkie Talkies & PMR446 Radios","20381","","","Used","","","","","","UK","","",""
"397621370212",110V-50V Step Down Transformer Marine Boat Workshop Low Voltage,,,"2","FIXED_PRICE","GBP",39.99,,,39.99,"0","1","0","Feb-17-26 10:11:34 PST","Aug-17-26 10:11:34 PDT","Power Transformers","260831","","","Used","","","","","","UK","","",""
"397621386954",SUBMERSIBLE DRAINAGE PUMP  TSURUMI WITH ATTACHMENTS,,,"1","FIXED_PRICE","GBP",110.0,,,110.0,"0","1","0","Feb-17-26 10:16:09 PST","Aug-17-26 10:16:09 PDT","Sump, Sewage & Effluent Pumps","184084","","","Used","","","","","","UK","","",""
"397621441393",TRANSFORMER 110V TO 24V Lighting Marine Workshop Step Down Power Tools 2 Output,,,"1","FIXED_PRICE","GBP",39.99,,,39.99,"1","5","0","Feb-17-26 10:22:55 PST","Aug-17-26 10:22:55 PDT","Power Transformers","260831","","","Used","","","","","","UK","","",""
"397621534943",STEEL SUSPENSION LIFTING FRAME BEAM FOR HYDRAULIC PILE CROPPER INDUSTRIAL,,,"3","FIXED_PRICE","GBP",200.0,,,200.0,"0","0","0","Feb-17-26 11:09:44 PST","Aug-17-26 11:09:44 PDT","Electric Winches","184204","","","Used","","","","","","UK","","",""
"397628831633",Temporary AWS Rail Magnet Speed Restriction TSR Track Pandrol,,,"1","FIXED_PRICE","GBP",200.0,,,200.0,"0","","","Feb-19-26 09:20:32 PST","Aug-19-26 09:20:32 PDT","Other Business & Industrial","26261","","","Used","","","","","","UK","","",""
"397628873931",HB2 Kerb Plate 100kg 900mm x 90mm For VPH-150 FLAG LIFTER,,,"1","FIXED_PRICE","GBP",120.0,,,120.0,"0","1","0","Feb-19-26 09:38:57 PST","Aug-19-26 09:38:57 PDT","Other Construction Tools","64810","","","Used","","","","","","UK","","",""
"397629085499","Rascal Liteway 4 Plus Mobility Scooter - Lightweight, Boot Transportable, 4mph",,,"1","FIXED_PRICE","GBP",350.0,,,350.0,"0","4","0","Feb-19-26 11:09:40 PST","Aug-19-26 11:09:40 PDT","Mobility Scooters","75068","","","Used","","","","","","UK","","Does not apply",""
"397634409250",PNEUMATIC AIR CHIPPING HAMMER BREAKER,,,"1","FIXED_PRICE","GBP",70.0,,,70.0,"0","2","0","Feb-21-26 04:38:02 PST","Aug-21-26 04:38:02 PDT","Air Hammers","42246","","","Used","","","","","","UK","","",""
"397634575459",Pramac E3200 Generator | Honda GX160 | Mecc Alte S15W-85 | 2.6kW Dual Voltage,,,"1","FIXED_PRICE","GBP",180.0,,,180.0,"0","2","0","Feb-21-26 05:46:32 PST","Aug-21-26 05:46:32 PDT","Generators","46412","","","Used","","","","","","UK","","",""
"397634652647",NewArc R1500 Professional Arc Welder | 150A 110V/230V | 100% Duty Cycle Inverter,,,"1","FIXED_PRICE","GBP",100.0,,,100.0,"0","3","0","Feb-21-26 06:25:20 PST","Aug-21-26 06:25:20 PDT","Stick Welders","182898","","","For parts or not working","","","","","","UK","","",""
"397637958041",Makita VC4210MX/2 42-Liter M-Class Dust Extractor Bare Unit No Hose Vac Workshop,,,"1","FIXED_PRICE","GBP",199.99,,,199.99,"0","3","0","Feb-22-26 07:12:57 PST","Aug-22-26 07:12:57 PDT","Dust Extractors","116670","","","Used","","","","","","UK","","",""
"397638051026",HAVi Watch 4-Way Multi-Charging Dock - Vibration Monitor Station - HAVS Wire Cut,,,"1","FIXED_PRICE","GBP",60.0,,,60.0,"0","","","Feb-22-26 08:02:45 PST","Aug-22-26 08:02:45 PDT","Chargers & Docks","123417","","","For parts or not working","","","","","","UK","","",""
"397638085779",FOX PRO F50-813-240 ECO M-Class Dry Vacuum Extractor 110V 21LT Take Off Site,,,"1","FIXED_PRICE","GBP",120.0,,,120.0,"0","1","0","Feb-22-26 08:22:10 PST","Aug-22-26 08:22:10 PDT","Wet & Dry Vacuum Cleaners","184337","","","Used","","","","","","UK","","",""
"397640809131",Beta SUM 210/96  Scaffold Hoist Winch Lift 110V 200kg,,,"1","FIXED_PRICE","GBP",180.0,,,180.0,"0","0","0","Feb-23-26 04:58:22 PST","Aug-23-26 04:58:22 PDT","Other Cranes & Hoists","184199","","","Used","","","","","","UK","","",""
"397659804174",110V 4-Way 16A Site Distribution Splitter Box | IP44 Splashproof | Extension,,,"3","FIXED_PRICE","GBP",24.99,,,24.99,"0","","","Feb-28-26 01:46:42 PST","Jul-28-26 01:46:42 PDT","Splitters","73169","","","Used","","","","","","UK","","",""
"397663275089",Quintet C63-0008 Hot Drinks Coffee Tea Chocolate Vending Machine No Containers,,,"1","FIXED_PRICE","GBP",69.99,,,69.99,"0","0","0","Mar-01-26 03:55:46 PST","Aug-01-26 03:55:46 PDT","Hot Beverage Machines","67178","","","Used","","","","","","UK","","",""
"397667564700",V-TUF MINI PLUS110 M-Class 20L Dust Extractor | 1200W Wet & Dry 110V | Site Mini,,,"1","FIXED_PRICE","GBP",69.99,,,69.99,"0","5","0","Mar-02-26 07:53:00 PST","Aug-02-26 07:53:00 PDT","Wet & Dry Vacuum Cleaners","184337","","","Used","","","","","","UK","","",""
"397667582918",Rhino 110V TQ3 2200W Infrared Heater 2.2kw Quartz Infra-Red Space Heater,,,"3","FIXED_PRICE","GBP",75.0,,,75.0,"0","","","Mar-02-26 08:02:31 PST","Aug-02-26 08:02:31 PDT","Space Heaters","20613","","","Used","","","","","","UK","","",""
"397670399239",Come Along Winch Cable Puller Power Puller Pulley With Scaffold Mount Rachet,,,"1","FIXED_PRICE","GBP",75.0,,,75.0,"0","","","Mar-03-26 03:11:54 PST","Aug-03-26 03:11:54 PDT","Winches","179505","","","Used","","","","","","UK","","",""
"397674240126",Brolin BR10C 10L Portable Dehumidifier 240V Home Box Tatty Laundry Washing Damp,,,"2","FIXED_PRICE","GBP",54.99,,,54.99,"0","0","0","Mar-04-26 04:54:55 PST","Aug-04-26 04:54:55 PDT","Dehumidifiers","79621","","","New other (see details)","","","","","","UK","","",""
"397682892434",STIHL FW20 CART FOR STIHL TS410 & TS420 TROLLEY 3 WHEELS CRADLE CUT OFF,,,"1","FIXED_PRICE","GBP",180.0,,,180.0,"0","0","0","Mar-06-26 10:20:15 PST","Aug-06-26 10:20:15 PDT","Other Building Materials","1268","","","Used","","","","","","UK","","",""
"397693192953","HP LaserJet 4200 Printer Tray 2 Not Feeding, Back Missing",,,"1","FIXED_PRICE","GBP",40.0,,,40.0,"0","","","Mar-09-26 08:18:42 PDT","Aug-09-26 07:18:42 PDT","Printers","1245","","","For parts or not working","","","","","","UK","","",""
"397709970418",Bosch GBH 2-20 D 110V SDS Plus Rotary Hammer Drill 3-Mode Compact Breaker & Case,,,"1","FIXED_PRICE","GBP",45.0,,,45.0,"0","0","0","Mar-13-26 09:35:23 PDT","Aug-13-26 08:35:23 PDT","Corded Drills","184654","","","Used","","","","","","UK","","",""
"397709982389",Mahle AZE4256 12V 2.6kW Starter Motor | Deutz Atlas Copco Liebherr | MS211 IS139,,,"1","FIXED_PRICE","GBP",140.0,,,140.0,"0","","","Mar-13-26 09:42:04 PDT","Aug-13-26 08:42:04 PDT","Starter Motors","177699","","","New other (see details)","","","","","","UK","","",""
"397710081293",Wykamol Microtech Biocide 160g | Makes 25L Dry Rot & Masonry Treatment,,,"6","FIXED_PRICE","GBP",19.99,,,19.99,"2","6","0","Mar-13-26 10:20:35 PDT","Aug-13-26 09:20:35 PDT","Other Building Materials","1268","","","New other (see details)","","","","","","UK","","",""
"397735942218",Makita BHR200 24V SDS Plus Cordless Rotary Hammer Drill | 3-Mode Breaker Battery,,,"1","FIXED_PRICE","GBP",45.0,,,45.0,"0","3","0","Mar-19-26 09:27:18 PDT","Aug-19-26 08:27:18 PDT","Cordless Drills","184655","","","Used","","","","","","UK","","",""
"397738391838",Circontrol Post eVolve Sarco Smart S Dual EV Charger | 14.8kW 2x7.4kW |  64A,,,"2","FIXED_PRICE","GBP",850.0,,,850.0,"0","5","0","Mar-19-26 23:52:06 PDT","Aug-19-26 22:52:06 PDT","Charging Stations","262099","","","Used","","","","","","UK","","",""
"397743075500","RedRad 3kW Infrared Heater 110V | 10,236 BTU | 32A Industrial Site Heater wheels",,,"1","FIXED_PRICE","GBP",60.0,,,60.0,"0","1","0","Mar-21-26 06:52:38 PDT","Aug-21-26 05:52:38 PDT","Other Electrical Equipment & Supplies","92078","","","Used","","","","","","UK","","",""
"397743248997",Construction Fire Point Stand Trolley | Mobile Site Alarm Station with Cabinet,,,"1","FIXED_PRICE","GBP",150.0,,,150.0,"0","3","0","Mar-21-26 07:50:32 PDT","Aug-21-26 06:50:32 PDT","Fire Alarms","57018","","","Used","","","","","","UK","","",""
"397746943090",GEC Aipak Startrite 110V Concrete Poker Drive Unit Heavy Duty Site Vibrator 2HP,,,"1","FIXED_PRICE","GBP",85.0,,,85.0,"0","5","0","Mar-22-26 06:10:40 PDT","Aug-22-26 05:10:40 PDT","Other Construction Tools","64810","","","Used","","","","","","UK","","",""
"397747079547",EHRLE HD 640 Etronic I Hot Water Pressure Washer | 400V 3-Phase Working Project,,,"1","FIXED_PRICE","GBP",400.0,,,400.0,"0","6","0","Mar-22-26 06:55:09 PDT","Aug-22-26 05:55:09 PDT","Pressure Washers","50388","","","Used","","","","","","UK","","",""
"397755521677",Wykamol Anti-Lime Sealer 2L Concentrate | Pre-Treatment for Cavity Membranes,,,"3","FIXED_PRICE","GBP",38.99,,,38.99,"0","","","Mar-24-26 09:39:30 PDT","Aug-24-26 08:39:30 PDT","Other DIY Materials","20594","","","Used","","","","","","UK","","",""
"397763185782",245cm LWB Longitudinal Roof Rails | Silver Top ? Fits VW T5 T6 Vivaro / Trafic,,,"1","FIXED_PRICE","GBP",150.0,,,150.0,"0","","","Mar-26-26 01:45:25 PDT","Jul-26-26 00:45:25 PDT","Roof Racks & Cross Bars","33651","","","Used","","","","","","UK","","",""
"397775853209",Makita 8406 110v diamond core drill with carry case,,,"1","FIXED_PRICE","GBP",94.99,,,94.99,"0","1","0","Mar-29-26 04:17:59 PDT","Jul-29-26 04:17:59 PDT","Corded Drills","184654","","","Used","","","","","","UK","","",""
"397775929302",Makita 8406 230V Diamond Core Drill | Heavy Duty Masonry Drill | With Carry Case,,,"1","FIXED_PRICE","GBP",119.99,,,119.99,"1","3","0","Mar-29-26 04:53:51 PDT","Jul-29-26 04:53:51 PDT","Corded Drills","184654","","","Used","","","","","","UK","","",""
"397781054674",Youngman Adjusta-Minit Podium Steps | 0.4m – 1.25m Adjustable Platform | Folding,,,"1","FIXED_PRICE","GBP",220.0,,,220.0,"0","1","0","Mar-30-26 12:40:33 PDT","Jul-30-26 12:40:33 PDT","Rolling Ladders & Scaffolds","184232","","","Used","","","","","","UK","","",""
"397789299818",Adam Pumps PA1 70 Diesel Transfer Pump | 240V | 70L/min | IP55,,,"1","FIXED_PRICE","GBP",85.0,,,85.0,"0","6","0","Apr-01-26 11:23:57 PDT","Aug-01-26 11:23:57 PDT","Other Garage Equipment & Tools","43998","","","Used","","","","","","UK","","",""
"397791161518",Used 8ft Aluminium Painter’s Trestle – Heavy Duty Decorating Scaffold Platform,,,"3","FIXED_PRICE","GBP",75.0,,,75.0,"0","0","0","Apr-01-26 21:53:13 PDT","Aug-01-26 21:53:13 PDT","Other DIY Tools & Workshop Equipment","11704","","","Used","","","","","","UK","","",""
"397804941485",Bosch GBH 3-28 DFR Professional SDS Plus rotary hammer drill.,,,"1","FIXED_PRICE","GBP",120.0,,,120.0,"0","1","0","Apr-05-26 06:21:47 PDT","Aug-05-26 06:21:47 PDT","Corded Drills","184654","","","Used","","","","","","UK","","",""
"397805617910",Nilfisk Attix 33 110V L-Class Industrial Site Vacuum | Bare Unit,,,"1","FIXED_PRICE","GBP",120.0,,,120.0,"0","2","0","Apr-05-26 10:42:28 PDT","Aug-05-26 10:42:28 PDT","Vacuum Cleaners","20614","","","Used","","","","","","UK","","5711145302946",""
"397805715312",Newman 5.5kW 7.5HP Electric Motor 3 Phase 1440 RPM Frame D132S 7.5hp  British,,,"2","FIXED_PRICE","GBP",165.0,,,165.0,"0","5","0","Apr-05-26 11:15:50 PDT","Aug-05-26 11:15:50 PDT","General Purpose Motors","181732","","","Used","","","","","","UK","","notapplicable",""
"397807901943",Polar GE998 G-Series Double Door Bar Cooler | 198L Solid Door Fridge | A-Rated,,,"1","FIXED_PRICE","GBP",170.0,,,170.0,"0","2","0","Apr-05-26 23:59:59 PDT","Aug-05-26 23:59:59 PDT","Back Bar & Bottle Coolers","258528","","","Used","","","","","","UK","","",""
"397823968937",Vintage Homelite XL-93A Multi-Purpose Saw Made in USA,,,"1","FIXED_PRICE","GBP",220.0,,,220.0,"0","","","Apr-10-26 03:14:53 PDT","Aug-10-26 03:14:53 PDT","Saws","13875","","","Used","","","","","","UK","","",""
"397837905090",Centrifugal Water Pump 230V High Flow Transfer Pump 50L/Min 0.9kw  45M Head High,,,"1","FIXED_PRICE","GBP",90.0,,,90.0,"0","2","0","Apr-14-26 00:26:06 PDT","Aug-14-26 00:26:06 PDT","Other Pumps","46547","","","Used","","","","","","UK","","",""
"397841731792","Courier Website Man and Van Website, One-Click WhatsApp & Call, Domain Inc",,,"10","FIXED_PRICE","GBP",149.99,,,149.99,"0","","","Apr-14-26 23:01:02 PDT","Aug-14-26 23:01:02 PDT","Other Web Items","193","","","New","","","","","","UK","","",""
"397847753565",Website Custom Made For Gardeners Garden Maintaince No Tech Know How Needed,,,"1","FIXED_PRICE","GBP",149.99,,,149.99,"0","","","Apr-16-26 13:32:14 PDT","Aug-16-26 13:32:14 PDT","Other Web Items","193","","","New","","","","","","UK","","Notapplicable",""
"397850428381",Car Detailing Website - Custom Made Business Webpage,,,"5","FIXED_PRICE","GBP",149.99,,,149.99,"0","","","Apr-17-26 06:48:20 PDT","Aug-17-26 06:48:20 PDT","Other Web Items","193","","","New","","","","","","UK","","",""
"397853298852","Vandorm 12"" Kids Bike Push Chair Buggy Inner Tube new 90 Degree Valve ",,,"20","FIXED_PRICE","GBP",6.99,,,6.99,"0","","","Apr-18-26 00:53:15 PDT","Aug-18-26 00:53:15 PDT","Tubes","177829","","","New","","","","","","UK","","5055362063038",""
"397853345419",Broil King Gas BBQ Barbecue Aluminium Cook Box Camping Fishing,,,"1","FIXED_PRICE","GBP",50.0,,,50.0,"0","0","0","Apr-18-26 01:22:05 PDT","Aug-18-26 01:22:05 PDT","Barbecues, Grills & Smokers","151621","","","Used","","","","","","UK","","",""
"397853474006","Advance Convertamatic 26B Battery Floor Scrubber | 26"" Disc Auto Scrubber 76L",,,"1","FIXED_PRICE","GBP",550.0,,,550.0,"0","","","Apr-18-26 02:25:11 PDT","Aug-18-26 02:25:11 PDT","Other Business & Industrial","26261","","","Used","","","","","","UK","","",""
"397853511354",IMER ET 300N Professional Electric Hoist Spare Repairs,,,"1","FIXED_PRICE","GBP",90.0,,,90.0,"0","","","Apr-18-26 02:38:25 PDT","Aug-18-26 02:38:25 PDT","Other Cranes & Hoists","184199","","","For parts or not working","","","","","","UK","","",""
"397853553198",Atlas Copco Pneumatic Air Pick Chipping Hammer TEX 09PE,,,"1","FIXED_PRICE","GBP",90.0,,,90.0,"0","0","0","Apr-18-26 02:53:40 PDT","Aug-18-26 02:53:40 PDT","Breakers","112393","","","Used","","","","","","UK","","",""
"397860164280","Large Industrial Steel Trolley Chassis, Platform Base, Wheeled 200 x 109 x 48 cm",,,"1","FIXED_PRICE","GBP",150.0,,,150.0,"0","","","Apr-19-26 23:46:51 PDT","Aug-19-26 23:46:51 PDT","Other Material Handling","26224","","","Used","","","","","","UK","","",""
"397874931298",Milwaukee Kango k900 Breaker - 1600W Heavy Duty Demolition Hammer - 21mm K-Hex,,,"2","FIXED_PRICE","GBP",150.0,,,150.0,"0","12","0","Apr-23-26 23:41:49 PDT","Aug-23-26 23:41:49 PDT","Breakers","112393","","","Used","","","","","","UK","","",""
"397879119070",7x Rattan Bar Stools Boho Armchair Style inc Cushions Chairs Set Black,,,"1","FIXED_PRICE","GBP",220.0,,,220.0,"0","5","0","Apr-25-26 05:11:12 PDT","Jul-25-26 05:11:12 PDT","Stools & Bar Stools","103431","","","Used","","","","","","UK","","",""
"397879240037",Cuckoo SR-4600 Commercial Rice Cooker | BASE UNIT ONLY 4.6L Takeaway Restaurant,,,"1","FIXED_PRICE","GBP",62.0,,,62.0,"1","1","0","Apr-25-26 05:49:06 PDT","Jul-25-26 05:49:06 PDT","Commercial Rice Cookers & Warmers","258595","","","Used","","","","","","UK","","",""
"397879341755",Precision 600L Upright Commercial Fridge Single Door Stainless Steel GN2/1 Glass,,,"1","FIXED_PRICE","GBP",470.0,,,470.0,"0","1","0","Apr-25-26 06:17:56 PDT","Jul-25-26 06:17:56 PDT","Other Restaurant Refrigeration","53226","","","Used","","","","","","UK","","",""
"397879412280",Gamko Solid Door Bottle Cooler | Professional Back Bar Cooling | Heavy Duty,,,"2","FIXED_PRICE","GBP",250.0,,,250.0,"0","0","0","Apr-25-26 06:43:07 PDT","Jul-25-26 06:43:07 PDT","Other Restaurant Refrigeration","53226","","","Used","","","","","","UK","","",""
"397879668678",Gamko MXC20150 Professional Bottle Cooler Solid Door 150L Under Counter Fridge,,,"2","FIXED_PRICE","GBP",150.0,,,150.0,"0","","","Apr-25-26 08:48:21 PDT","Jul-25-26 08:48:21 PDT","Other Restaurant Refrigeration","53226","","","Used","","","","","","UK","","",""
"397879833483","PrintPro Album Hot Foil Press | 10"" 25cm High Clearance  Album Master Stamping",,,"1","FIXED_PRICE","GBP",850.0,,,850.0,"0","2","0","Apr-25-26 09:43:53 PDT","Jul-25-26 09:43:53 PDT","Hot Foil","57061","","","Used","","","","","","UK","","",""
"397882784689",Fastbind FotoMount F42 Professional Lay-Flat Photo Book Maker A3 Binding,,,"1","FIXED_PRICE","GBP",849.99,,,849.99,"0","3","0","Apr-26-26 07:19:10 PDT","Jul-26-26 07:19:10 PDT","Binding","112411","","","Used","","","","","","UK","","",""
"397883326791",Marcello Strada Photobook Aligner | Professional Lay-Flat Binding Machine,,,"1","FIXED_PRICE","GBP",799.99,,,799.99,"0","0","0","Apr-26-26 11:10:31 PDT","Jul-26-26 11:10:31 PDT","Binding","112411","","","New other (see details)","","","","","","UK","","",""
"397884778801",Makita HK0500 SDS-Plus Power Scraper - 110V Tile & Floor Stripper,,,"1","FIXED_PRICE","GBP",53.99,,,53.99,"0","","","Apr-27-26 04:28:35 PDT","Jul-27-26 04:28:35 PDT","Tool Parts & Accessories","11705","","","Used","","","","","","UK","","",""
"397895669354",Makita VC4210MX1 M-Class Dust Extractor - 110V Site Vacuum 42L Vac Workshop,,,"1","FIXED_PRICE","GBP",199.99,,,199.99,"0","12","0","Apr-30-26 03:28:36 PDT","Jul-30-26 03:28:36 PDT","Wet & Dry Vacuum Cleaners","184337","","","Used","","","","","","UK","","",""
"397895803118",Vintage Wheel Horse R-26 Ride On Mower - 1960s Classic - Tecumseh,,,"1","FIXED_PRICE","GBP",350.0,,,350.0,"0","7","0","Apr-30-26 04:20:58 PDT","Jul-30-26 04:20:58 PDT","Lawn Mower Parts","260923","","","Used","","","","","","UK","","",""
"397896532893",Dometic GFA 1102 Industrial Power Transformer/Converter - 110V 30A - Marine,,,"1","FIXED_PRICE","GBP",270.0,,,270.0,"0","","","Apr-30-26 08:20:06 PDT","Jul-30-26 08:20:06 PDT","Other Electrical Equipment & Supplies","92078","","","Used","","","","","","UK","","",""
"397898686318","Stihl RM 253 Petrol Lawn Mower Needs Belt, lower handle lever & air filter cover",,,"1","FIXED_PRICE","GBP",90.0,,,90.0,"0","","","Apr-30-26 22:51:29 PDT","Jul-31-26 22:51:29 PDT","Lawn Mowers","260921","","","Used","","","","","","UK","","",""
"397898705916",Canon imagePROGRAF LP17 Wide Format Printer - A2 Large Format Plotter,,,"4","FIXED_PRICE","GBP",260.0,,,260.0,"0","5","0","Apr-30-26 23:05:59 PDT","Jul-31-26 23:05:59 PDT","Printers","1245","","","Used","","","","","","UK","","",""
"397900364877",Mighty Seven M7 PB-2402 Pneumatic Rivet Nut Tool - M4 to M10 Nutsert Gun Air,,,"1","FIXED_PRICE","GBP",350.0,,,350.0,"0","1","0","May-01-26 09:38:07 PDT","Aug-01-26 09:38:07 PDT","Other Hand Tools","303","","","Used","","","","","","UK","","4711225451688",""
"397902655437",Aerial AirMaxx 2000-H Industrial Heater & Air Mover - 2.8kW Drying Blower,,,"1","FIXED_PRICE","GBP",270.0,,,270.0,"0","","","May-02-26 01:43:46 PDT","Aug-02-26 01:43:46 PDT","Space Heaters","20613","","","Used","","","","","","UK","","",""
"397902702461",Kemper Industrial Fume Extraction 3 Phase Wall Mounted Welding Smoke Filter Dual,,,"1","FIXED_PRICE","GBP",1000.0,,,1000.0,"0","","","May-02-26 02:03:27 PDT","Aug-02-26 02:03:27 PDT","Soldering Fume Extractors","182948","","","Used","","","","","","UK","","",""
"397903913940",Makita 8406 110V Diamond Core Drill & Hammer Drill - With Case 13mm,,,"1","FIXED_PRICE","GBP",112.0,,,112.0,"0","","","May-02-26 08:43:02 PDT","Aug-02-26 08:43:02 PDT","Corded Drills","184654","","","Used","","","","","1405331384","UK","","0088381023740",""
"397903990267",NightSearcher Solaris 16000 LED Site Floodlight - Rechargeable Portable Lighting,,,"1","FIXED_PRICE","GBP",170.0,,,170.0,"0","2","0","May-02-26 09:17:50 PDT","Aug-02-26 09:17:50 PDT","Torches & Work Lights","126393","","","Used","","","","","","UK","","",""
"397904025690",DeWalt DCH333N 54V XR FLEXVOLT SDS Plus Hammer Drill (No Battery),,,"1","FIXED_PRICE","GBP",130.0,,,130.0,"0","2","0","May-02-26 09:31:14 PDT","Aug-02-26 09:31:14 PDT","Cordless Drills","184655","","","Used","","","","","","UK","","",""
"397914649699",Belle Premier 100XT 150L Concrete Mixer - 110V  Cement Mixer,,,"1","FIXED_PRICE","GBP",750.0,,,750.0,"0","4","0","May-05-26 06:11:55 PDT","Aug-05-26 06:11:55 PDT","Cement Mixers","50903","","","Used","","","","","","UK","","",""
"397917546491",Heavy Duty Industrial Vacuum Vac Workshop Builders Like Dustcontrol 110V Trolley,,,"1","FIXED_PRICE","GBP",350.0,,,350.0,"0","","","May-05-26 23:01:10 PDT","Aug-05-26 23:01:10 PDT","Wet & Dry Vacuum Cleaners","184337","","","Used","","","","","","UK","","",""
"397927239543",Etatron DLX-MA/AD Series Solenoid Dosing Pump 110v 1L/hr 15 bar Wall Mounted,,,"1","FIXED_PRICE","GBP",140.0,,,140.0,"0","","","May-08-26 14:32:43 PDT","Aug-08-26 14:32:43 PDT","Metering & Dosing Pumps","184076","","","Used","","","","","","UK","","",""
"397929109453",Electro Services EF05 Electrofusion Welding Machine 40V Spares / Repairs,,,"1","FIXED_PRICE","GBP",85.0,,,85.0,"0","","","May-09-26 07:51:41 PDT","Aug-09-26 07:51:41 PDT","Other DIY Tools & Workshop Equipment","11704","","","For parts or not working","","","","","","UK","","",""
"397929126287",Stihl Lawn Mower 545VM Spares Needs Pull Starter & Wheels Good Engine,,,"1","FIXED_PRICE","GBP",90.0,,,90.0,"0","1","0","May-09-26 08:05:51 PDT","Aug-09-26 08:05:51 PDT","Lawn Mowers","260921","","","For parts or not working","","","","","","UK","","",""
"397929183594",Industrial Motorized Crane Trolley Hoist 1 Ton 1500kg Brook / Leroy Somer,,,"1","FIXED_PRICE","GBP",100.0,,,100.0,"0","","","May-09-26 08:50:05 PDT","Aug-09-26 08:50:05 PDT","Chain Hoists","184194","","","For parts or not working","","","","","","UK","","",""
"397933189356",Mecalac BR50 Hydraulic Breaker Jackhammer - Heavy Duty Concrete Demolition 25kg,,,"1","FIXED_PRICE","GBP",199.99,,,199.99,"0","1","0","May-10-26 12:23:56 PDT","Aug-10-26 12:23:56 PDT","Breakers","112393","","","Used","","","","","","UK","","",""
"397933351080",Nilfisk Alto Neptune 2 Hot Water Pressure Washer Breaking / Spares / Repair,,,"1","FIXED_PRICE","GBP",140.0,,,140.0,"0","5","0","May-10-26 13:41:02 PDT","Aug-10-26 13:41:02 PDT","Electric Pressure Washers","183764","","","For parts or not working","","","","","","UK","","",""
"397936125277",Nilfisk Poseidon 5 Hot Pressure Washer Spares or Repair Industrial Breaking,,,"1","FIXED_PRICE","GBP",150.0,,,150.0,"0","0","0","May-11-26 06:56:14 PDT","Aug-11-26 06:56:14 PDT","Electric Pressure Washers","183764","","","For parts or not working","","","","","","UK","","4005337150080",""
"397947976262",Novopress Mapress Geberit  Pressfitting-System Press Jaw Hydraulic Electro,,,"1","FIXED_PRICE","GBP",199.99,,,199.99,"0","0","0","May-14-26 08:21:32 PDT","Aug-14-26 08:21:32 PDT","Crimping Dies","66988","","","Used","","","","","","UK","","",""
"397947983621","Pair of AC Euro 15"" Passive PA Speakers | Loudspeakers | DJ & Live Sound",,,"1","FIXED_PRICE","GBP",100.0,,,100.0,"0","5","0","May-14-26 08:27:25 PDT","Aug-14-26 08:27:25 PDT","Speakers & Monitors","69967","","","Used","","","","","","UK","","",""
"397948043972",Super Clamp 3 Ton Adjustable Push Travel Girder Beam Trolley Extra Wide 75-203mm,,,"1","FIXED_PRICE","GBP",100.0,,,100.0,"0","","","May-14-26 08:48:21 PDT","Aug-14-26 08:48:21 PDT","Other Cranes & Hoists","184199","","","Used","","","","","","UK","","",""
"397952858743",Metrotest PAT200 Series Model 220 | Portable Appliance Tester |,,,"1","FIXED_PRICE","GBP",24.99,,,24.99,"0","4","0","May-15-26 13:02:41 PDT","Aug-15-26 13:02:41 PDT","Portable Appliance Testers (PAT)","116598","","","For parts or not working","","","","","","UK","","",""
"397961230097",Gas Fired Generator 110V,,,"1","FIXED_PRICE","GBP",100.0,,,100.0,"0","","","May-17-26 22:14:59 PDT","Aug-17-26 22:14:59 PDT","Generators","46412","","","Used","","","","","","UK","","",""
"397962556267",Sorin MicroPort Orchestra Plus Implantable Cardiac Stimulator Programmer,,,"1","FIXED_PRICE","GBP",450.0,,,450.0,"0","","","May-18-26 06:38:48 PDT","Aug-18-26 06:38:48 PDT","Other Healthcare, Lab & Dental","3179","","","For parts or not working","","","","","","UK","","",""
"397980858744",Perles PSB 137 Percussion Hammer Drill 13mm Electric Impact Driver 110V Swiss,,,"1","FIXED_PRICE","GBP",27.0,,,27.0,"0","","","May-23-26 05:59:22 PDT","Aug-23-26 05:59:22 PDT","Corded Drills","184654","","","Used","","","","","","UK","","",""
"397983875177",Ottobock B400 Electric Powerchair | Series 1 (Original) | 58cm Width |,,,"1","FIXED_PRICE","GBP",200.0,,,200.0,"0","2","0","May-24-26 03:04:07 PDT","Aug-24-26 03:04:07 PDT","Wheelchairs","19265","","","Used","","","","","","UK","","",""
"397984353238",70L LITRE EVAPORATIVE AIR COOLER FOR LARGE SPACES WAREHOUSES GYM 40 SQUARE METRE,,,"0","FIXED_PRICE","GBP",150.0,,,150.0,"20","36","0","May-24-26 06:11:20 PDT","Aug-24-26 06:11:20 PDT","Portable Evaporative Coolers","260443","","","Used","","","","","","UK","","",""
"397987517994",Lavor Thermic 3/S Petrol Pressure Washer Heavy Duty Portable Jet Wash,,,"1","FIXED_PRICE","GBP",49.99,,,49.99,"0","2","0","May-25-26 03:25:54 PDT","Jul-25-26 03:25:54 PDT","Electric Pressure Washers","183764","","","Used","","","","","","UK","","",""
"397988948468",Munters CCX 2.5 Portable Evaporative Cooler 240V Eco Bio Commercial Fan 35L,,,"0","FIXED_PRICE","GBP",160.0,,,160.0,"0","4","0","May-25-26 12:27:38 PDT","Jul-25-26 12:27:38 PDT","Portable Evaporative Coolers","260500","","","Used","","","","","","UK","","",""
"398006249344",DeWalt DW241L 110V Heavy Duty Rotary Drill 13mm Metal Chuck Variable Speed Italy,,,"1","FIXED_PRICE","GBP",26.99,,,26.99,"0","","","May-30-26 00:35:11 PDT","Jul-30-26 00:35:11 PDT","Drills","147834","","","Used","","","","","","UK","","",""
"398006260792",Milwaukee 1675-1 Hole Hawg 110V Joist Drill Heavy Duty 2 Speed Right Angle Stud,,,"1","FIXED_PRICE","GBP",79.99,,,79.99,"0","2","0","May-30-26 00:44:28 PDT","Jul-30-26 00:44:28 PDT","Cordless Drills","20777","","","Used","","","","","","UK","","",""
"398017584922",Vintage Kango Wolf 2337 Heavy Duty Sapphire Electric Power Drill,,,"1","FIXED_PRICE","GBP",29.99,,,29.99,"0","5","0","Jun-02-26 00:01:27 PDT","Aug-02-26 00:01:27 PDT","Grinders","20778","","","Used","","","","","","UK","","",""
"398047639288",Vintage Cambridge 600 SCA Keithley 427 Electron Microscope Current Amplifier Set,,,"1","FIXED_PRICE","GBP",370.0,,,370.0,"0","","","Jun-09-26 23:27:23 PDT","Aug-09-26 23:27:23 PDT","Medical & Lab Equipment Power Supplies","111543","","","Used","","","","","","UK","","",""
"398047673188",Vintage Fincham Sutcliffe Scotometer Control Box Reid Prentice Eye Medical Optic,,,"1","FIXED_PRICE","GBP",55.0,,,55.0,"0","","","Jun-09-26 23:40:48 PDT","Aug-09-26 23:40:48 PDT","Other Healthcare, Lab & Dental","3179","","","Used","","","","","","UK","","",""
"398059970117",Trelawny TFP200 110V Floor Scarifier Planer Scabbler Concrete Groover Line Remov,,,"1","FIXED_PRICE","GBP",450.0,,,450.0,"0","","","Jun-13-26 03:39:28 PDT","Aug-13-26 03:39:28 PDT","Other Construction Tools","64810","","","Used","","","","","","UK","","",""
"398060051594",Genuine Audi A3 Sportback Hatchback Boot Liner Mat Tray 8Y 2021 2022 2023 2024,,,"1","FIXED_PRICE","GBP",49.99,,,49.99,"0","0","0","Jun-13-26 04:13:21 PDT","Aug-13-26 04:13:21 PDT","Floor Mats, Carpets & Boot Liners","33697","","","Used","","","","","","UK","","",""
"398060146655",Genuine Audi A3 Sportback Hatchback Tailgate Boot Lid Rear Door Black 8Y 2021-,,,"1","FIXED_PRICE","GBP",300.0,,,300.0,"0","","","Jun-13-26 05:00:57 PDT","Aug-13-26 05:00:57 PDT","Boot & Hatch Lids","33656","","","Used","","","","","","UK","","",""
"398180211388",Honeywell CO48PM Commercial Air Cooler | 48L Tank | Pubs Gyms Shops Garages Etc,,,"10","FIXED_PRICE","GBP",150.0,,,150.0,"0","9","0","Jul-16-26 02:39:08 PDT","Aug-16-26 02:39:08 PDT","Portable Evaporative Coolers","260443","","","Used","","","","","","UK","","",""
"398194992093",Honeywell CO48PM Commercial Air Cooler | 48L Tank | Pubs Gyms Shops Garages Etc,,,"10","FIXED_PRICE","GBP",300.0,,,300.0,"0","2","0","Jul-20-26 03:51:12 PDT","Aug-20-26 03:51:12 PDT","Portable Evaporative Coolers","260443","","","New other (see details)","","","","","","UK","","5056096003963",""
"398195485846",AL-Vac Handy Mobile Battery Vacuum Lifter Slab Paving Flag Suction Lifter 160kg,,,"1","FIXED_PRICE","GBP",290.0,,,290.0,"0","0","0","Jul-20-26 06:35:58 PDT","Aug-20-26 06:35:58 PDT","Other Construction Tools","64810","","","Used","","","","","","UK","","DoesNotApply",""